timestamp,signal_ts,setup_time,setup_phase,setup_side,setup_model,setup_rr,setup_expiry_ts,setup_trend_dir,setup_macro_bias,model,side,entry,sl,tp,rr,ctx_sub_label,regime,trend_dir,trend_strength,atr_pct,phase,symbol,liq_bias,liq_risk_multiplier,risk_multiplier,block_reason,context_allow,macro_allow,macro_reason,macro_bias,macro_bias_mismatch,news_allow,news_reason,liq_allow,liq_reason,freeze_new_signals,setup_age_hours,setup_age_candles,score_rr,score_exec,score_phase_align,score_macro_align,score_liq_align,score_tts,signal_score,drop_stage,drop_reason,drop_ts
2026-03-13 13:00:00+00:00,,2026-03-13 13:00:00+00:00,PHASE_TREND_DOWN,SHORT,TDP_REENTRY,,2026-03-14 12:45:00+00:00,DOWN,,TDP_REENTRY,SHORT,72759.3,72945.11035714285,72387.6792857143,,TDP_TOP,TREND_DOWN,DOWN,0.0123054256556967,0.0161126828590564,PHASE_TREND_DOWN,BTCUSDT,NEUTRAL,,1.0,,,,,ALT_SHORT,,,,,,,,,0.0,0.8112175121005432,1.0,0.0,0.0,0.0,1.811218,CORR_CAP,CORR_CAP,2026-03-21 17:15:00+00:00
2026-03-13 13:15:00+00:00,,2026-03-13 13:15:00+00:00,PHASE_TREND_DOWN,SHORT,TDP_REENTRY,,2026-03-14 13:00:00+00:00,DOWN,,TDP_REENTRY,SHORT,72999.1,73354.9425,72287.41500000001,,TDP_TOP,TREND_DOWN,DOWN,0.0123054256556967,0.0161126828590564,PHASE_TREND_DOWN,BTCUSDT,NEUTRAL,,1.0,,,,,ALT_SHORT,,,,,,,,,0.0,0.8112175121005432,1.0,0.0,0.0,0.0,1.811218,CORR_CAP,CORR_CAP,2026-03-21 17:15:00+00:00
2026-03-13 13:30:00+00:00,,2026-03-13 13:30:00+00:00,PHASE_TREND_DOWN,SHORT,TDP_REENTRY,,2026-03-14 13:15:00+00:00,DOWN,,TDP_REENTRY,SHORT,73242.6,73358.01535714287,73011.76928571428,,TDP_TOP,TREND_DOWN,DOWN,0.0123054256556967,0.0161126828590564,PHASE_TREND_DOWN,BTCUSDT,NEUTRAL,,1.0,,,,,ALT_SHORT,,,,,,,,,0.0,0.8112175121005432,1.0,0.0,0.0,0.0,1.811218,CORR_CAP,CORR_CAP,2026-03-21 17:15:00+00:00
2026-03-13 13:45:00+00:00,,2026-03-13 13:45:00+00:00,PHASE_TREND_DOWN,SHORT,TDP_REENTRY,,2026-03-14 13:30:00+00:00,DOWN,,TDP_REENTRY,SHORT,73339.8,73628.26642857143,72762.86714285715,,TDP_TOP,TREND_DOWN,DOWN,0.0123054256556967,0.0161126828590564,PHASE_TREND_DOWN,BTCUSDT,NEUTRAL,,1.0,,,,,ALT_SHORT,,,,,,,,,0.0,0.8112175121005432,1.0,0.0,0.0,0.0,1.811218,CORR_CAP,CORR_CAP,2026-03-21 17:15:00+00:00
2026-03-13 14:00:00+00:00,,2026-03-13 14:00:00+00:00,PHASE_TREND_DOWN,SHORT,TDP_REENTRY,,2026-03-14 13:45:00+00:00,DOWN,,TDP_REENTRY,SHORT,73470.4,73629.22857142857,73152.74285714285,,TDP_TOP,TREND_DOWN,DOWN,0.0123054256556967,0.0161126828590564,PHASE_TREND_DOWN,BTCUSDT,NEUTRAL,,1.0,,,,,ALT_SHORT,,,,,,,,,0.0,0.8112175121005432,1.0,0.0,0.0,0.0,1.811218,CORR_CAP,CORR_CAP,2026-03-21 17:15:00+00:00
2026-03-13 14:15:00+00:00,,2026-03-13 14:15:00+00:00,PHASE_TREND_DOWN,SHORT,TDP_REENTRY,,2026-03-14 14:00:00+00:00,DOWN,,TDP_REENTRY,SHORT,73685.8,73923.65107142857,73210.09785714287,,TDP_TOP,TREND_DOWN,DOWN,0.0123054256556967,0.0161126828590564,PHASE_TREND_DOWN,BTCUSDT,NEUTRAL,,1.0,,,,,ALT_SHORT,,,,,,,,,0.0,0.8112175121005432,1.0,0.0,0.0,0.0,1.811218,CORR_CAP,CORR_CAP,2026-03-21 17:15:00+00:00
2026-03-15 21:30:00+00:00,,2026-03-15 21:30:00+00:00,PHASE_TREND_DOWN,SHORT,TDP_REENTRY,,2026-03-16 21:15:00+00:00,DOWN,,TDP_REENTRY,SHORT,72073.3,72213.3082142857,71793.2835714286,,TDP_TOP,TREND_DOWN,DOWN,0.0123054256556967,0.0161126828590564,PHASE_TREND_DOWN,BTCUSDT,NEUTRAL,,1.0,,,,,ALT_SHORT,,,,,,,,,0.0,0.8112175121005432,1.0,0.0,0.0,0.0,1.811218,CORR_CAP,CORR_CAP,2026-03-21 17:15:00+00:00
2026-03-15 21:45:00+00:00,,2026-03-15 21:45:00+00:00,PHASE_TREND_DOWN,SHORT,TDP_REENTRY,,2026-03-16 21:30:00+00:00,DOWN,,TDP_REENTRY,SHORT,72074.3,72223.58535714285,71775.72928571432,,TDP_TOP,TREND_DOWN,DOWN,0.0123054256556967,0.0161126828590564,PHASE_TREND_DOWN,BTCUSDT,NEUTRAL,,1.0,,,,,ALT_SHORT,,,,,,,,,0.0,0.8112175121005432,1.0,0.0,0.0,0.0,1.811218,CORR_CAP,CORR_CAP,2026-03-21 17:15:00+00:00
2026-03-15 22:30:00+00:00,,2026-03-15 22:30:00+00:00,PHASE_TREND_DOWN,SHORT,TDP_REENTRY,,2026-03-16 22:15:00+00:00,DOWN,,TDP_REENTRY,SHORT,72350.0,72513.42571428571,72023.14857142858,,TDP_TOP,TREND_DOWN,DOWN,0.0123054256556967,0.0161126828590564,PHASE_TREND_DOWN,BTCUSDT,NEUTRAL,,1.0,,,,,ALT_SHORT,,,,,,,,,0.0,0.8112175121005432,1.0,0.0,0.0,0.0,1.811218,CORR_CAP,CORR_CAP,2026-03-21 17:15:00+00:00
2026-03-15 22:45:00+00:00,,2026-03-15 22:45:00+00:00,PHASE_TREND_DOWN,SHORT,TDP_REENTRY,,2026-03-16 22:30:00+00:00,DOWN,,TDP_REENTRY,SHORT,72710.9,73124.57178571429,71883.5564285714,,TDP_TOP,TREND_DOWN,DOWN,0.0123054256556967,0.0161126828590564,PHASE_TREND_DOWN,BTCUSDT,NEUTRAL,,1.0,,,,,ALT_SHORT,,,,,,,,,0.0,0.8112175121005432,1.0,0.0,0.0,0.0,1.811218,CORR_CAP,CORR_CAP,2026-03-21 17:15:00+00:00
2026-03-15 23:00:00+00:00,,2026-03-15 23:00:00+00:00,PHASE_TREND_DOWN,SHORT,TDP_REENTRY,,2026-03-16 22:45:00+00:00,DOWN,,TDP_REENTRY,SHORT,72963.1,73266.16214285714,72356.97571428574,,TDP_TOP,TREND_DOWN,DOWN,0.0123054256556967,0.0161126828590564,PHASE_TREND_DOWN,BTCUSDT,NEUTRAL,,1.0,,,,,ALT_SHORT,,,,,,,,,0.0,0.8112175121005432,1.0,0.0,0.0,0.0,1.811218,CORR_CAP,CORR_CAP,2026-03-21 17:15:00+00:00
2026-03-16 03:30:00+00:00,,2026-03-16 03:30:00+00:00,PHASE_TREND_DOWN,SHORT,TDP_REENTRY,,2026-03-17 03:15:00+00:00,DOWN,,TDP_REENTRY,SHORT,73753.1,74350.29571428572,72558.70857142858,,TDP_TOP,TREND_DOWN,DOWN,0.0123054256556967,0.0161126828590564,PHASE_TREND_DOWN,BTCUSDT,NEUTRAL,,1.0,,,,,ALT_SHORT,,,,,,,,,0.0,0.8112175121005432,1.0,0.0,0.0,0.0,1.811218,CORR_CAP,CORR_CAP,2026-03-21 17:15:00+00:00
2026-03-16 05:15:00+00:00,,2026-03-16 05:15:00+00:00,PHASE_TREND_DOWN,SHORT,TDP_REENTRY,,2026-03-17 05:00:00+00:00,DOWN,,TDP_REENTRY,SHORT,73880.0,74549.0625,72541.875,,TDP_TOP,TREND_DOWN,DOWN,0.0123054256556967,0.0161126828590564,PHASE_TREND_DOWN,BTCUSDT,NEUTRAL,,1.0,,,,,ALT_SHORT,,,,,,,,,0.0,0.8112175121005432,1.0,0.0,0.0,0.0,1.811218,CORR_CAP,CORR_CAP,2026-03-21 17:15:00+00:00
2026-03-13 09:15:00+00:00,,2026-03-13 09:15:00+00:00,PHASE_TREND_DOWN,SHORT,TDP_REENTRY,,2026-03-14 09:00:00+00:00,DOWN,,TDP_REENTRY,SHORT,71785.9,72222.07607142857,70913.54785714284,,TDP_TOP,TREND_DOWN,DOWN,0.0123054256556967,0.0161126828590564,PHASE_TREND_DOWN,BTCUSDT,NEUTRAL,,1.0,,,,,ALT_SHORT,,,,,,,,,0.0,0.8112175121005432,1.0,0.0,0.0,0.0,1.811218,BUDGET_CAP,BUDGET_CAP,2026-03-21 17:15:00+00:00
2026-03-13 09:30:00+00:00,,2026-03-13 09:30:00+00:00,PHASE_TREND_DOWN,SHORT,TDP_REENTRY,,2026-03-14 09:15:00+00:00,DOWN,,TDP_REENTRY,SHORT,71835.4,72222.39964285714,71061.4007142857,,TDP_TOP,TREND_DOWN,DOWN,0.0123054256556967,0.0161126828590564,PHASE_TREND_DOWN,BTCUSDT,NEUTRAL,,1.0,,,,,ALT_SHORT,,,,,,,,,0.0,0.8112175121005432,1.0,0.0,0.0,0.0,1.811218,BUDGET_CAP,BUDGET_CAP,2026-03-21 17:15:00+00:00
2026-03-13 09:45:00+00:00,,2026-03-13 09:45:00+00:00,PHASE_TREND_DOWN,SHORT,TDP_REENTRY,,2026-03-14 09:30:00+00:00,DOWN,,TDP_REENTRY,SHORT,71971.6,72222.24642857144,71470.30714285714,,TDP_TOP,TREND_DOWN,DOWN,0.0123054256556967,0.0161126828590564,PHASE_TREND_DOWN,BTCUSDT,NEUTRAL,,1.0,,,,,ALT_SHORT,,,,,,,,,0.0,0.8112175121005432,1.0,0.0,0.0,0.0,1.811218,BUDGET_CAP,BUDGET_CAP,2026-03-21 17:15:00+00:00
2026-03-13 10:00:00+00:00,,2026-03-13 10:00:00+00:00,PHASE_TREND_DOWN,SHORT,TDP_REENTRY,,2026-03-14 09:45:00+00:00,DOWN,,TDP_REENTRY,SHORT,72235.3,72298.85428571429,72108.19142857143,,TDP_TOP,TREND_DOWN,DOWN,0.0123054256556967,0.0161126828590564,PHASE_TREND_DOWN,BTCUSDT,NEUTRAL,,1.0,,,,,ALT_SHORT,,,,,,,,,0.0,0.8112175121005432,1.0,0.0,0.0,0.0,1.811218,BUDGET_CAP,BUDGET_CAP,2026-03-21 17:15:00+00:00
2026-03-13 10:15:00+00:00,,2026-03-13 10:15:00+00:00,PHASE_TREND_DOWN,SHORT,TDP_REENTRY,,2026-03-14 10:00:00+00:00,DOWN,,TDP_REENTRY,SHORT,72327.1,72515.91857142857,71949.46285714288,,TDP_TOP,TREND_DOWN,DOWN,0.0123054256556967,0.0161126828590564,PHASE_TREND_DOWN,BTCUSDT,NEUTRAL,,1.0,,,,,ALT_SHORT,,,,,,,,,0.0,0.8112175121005432,1.0,0.0,0.0,0.0,1.811218,BUDGET_CAP,BUDGET_CAP,2026-03-21 17:15:00+00:00
2026-03-13 10:30:00+00:00,,2026-03-13 10:30:00+00:00,PHASE_TREND_DOWN,SHORT,TDP_REENTRY,,2026-03-14 10:15:00+00:00,DOWN,,TDP_REENTRY,SHORT,72467.1,72591.11607142858,72219.06785714286,,TDP_TOP,TREND_DOWN,DOWN,0.0123054256556967,0.0161126828590564,PHASE_TREND_DOWN,BTCUSDT,NEUTRAL,,1.0,,,,,ALT_SHORT,,,,,,,,,0.0,0.8112175121005432,1.0,0.0,0.0,0.0,1.811218,BUDGET_CAP,BUDGET_CAP,2026-03-21 17:15:00+00:00
2026-03-13 10:45:00+00:00,,2026-03-13 10:45:00+00:00,PHASE_TREND_DOWN,SHORT,TDP_REENTRY,,2026-03-14 10:30:00+00:00,DOWN,,TDP_REENTRY,SHORT,72428.0,72591.57571428572,72100.84857142856,,TDP_TOP,TREND_DOWN,DOWN,0.0123054256556967,0.0161126828590564,PHASE_TREND_DOWN,BTCUSDT,NEUTRAL,,0.25,,,,,ALT_SHORT,,,,,,,,,0.0,0.8112175121005432,1.0,0.0,0.0,0.0,1.811218,BUDGET_CAP,BUDGET_CAP,2026-03-21 17:15:00+00:00
2026-03-13 11:00:00+00:00,,2026-03-13 11:00:00+00:00,PHASE_TREND_DOWN,SHORT,TDP_REENTRY,,2026-03-14 10:45:00+00:00,DOWN,,TDP_REENTRY,SHORT,72265.9,72592.51964285715,71612.66071428568,,TDP_TOP,TREND_DOWN,DOWN,0.0123054256556967,0.0161126828590564,PHASE_TREND_DOWN,BTCUSDT,NEUTRAL,,0.25,,,,,ALT_SHORT,,,,,,,,,0.0,0.8112175121005432,1.0,0.0,0.0,0.0,1.811218,BUDGET_CAP,BUDGET_CAP,2026-03-21 17:15:00+00:00
2026-03-13 11:15:00+00:00,,2026-03-13 11:15:00+00:00,PHASE_TREND_DOWN,SHORT,TDP_REENTRY,,2026-03-14 11:00:00+00:00,DOWN,,TDP_REENTRY,SHORT,72289.7,72593.11642857143,71682.86714285713,,TDP_TOP,TREND_DOWN,DOWN,0.0123054256556967,0.0161126828590564,PHASE_TREND_DOWN,BTCUSDT,NEUTRAL,,0.25,,,,,ALT_SHORT,,,,,,,,,0.0,0.8112175121005432,1.0,0.0,0.0,0.0,1.811218,BUDGET_CAP,BUDGET_CAP,2026-03-21 17:15:00+00:00
2026-03-13 11:30:00+00:00,,2026-03-13 11:30:00+00:00,PHASE_TREND_DOWN,SHORT,TDP_REENTRY,,2026-03-14 11:15:00+00:00,DOWN,,TDP_REENTRY,SHORT,72277.1,72591.44714285714,71648.40571428573,,TDP_TOP,TREND_DOWN,DOWN,0.0123054256556967,0.0161126828590564,PHASE_TREND_DOWN,BTCUSDT,NEUTRAL,,0.25,,,,,ALT_SHORT,,,,,,,,,0.0,0.8112175121005432,1.0,0.0,0.0,0.0,1.811218,BUDGET_CAP,BUDGET_CAP,2026-03-21 17:15:00+00:00
2026-03-13 11:45:00+00:00,,2026-03-13 11:45:00+00:00,PHASE_TREND_DOWN,SHORT,TDP_REENTRY,,2026-03-14 11:30:00+00:00,DOWN,,TDP_REENTRY,SHORT,72194.4,72591.18142857144,71400.83714285711,,TDP_TOP,TREND_DOWN,DOWN,0.0123054256556967,0.0161126828590564,PHASE_TREND_DOWN,BTCUSDT,NEUTRAL,,0.25,,,,,ALT_SHORT,,,,,,,,,0.0,0.8112175121005432,1.0,0.0,0.0,0.0,1.811218,BUDGET_CAP,BUDGET_CAP,2026-03-21 17:15:00+00:00
2026-03-13 12:00:00+00:00,,2026-03-13 12:00:00+00:00,PHASE_TREND_DOWN,SHORT,TDP_REENTRY,,2026-03-14 11:45:00+00:00,DOWN,,TDP_REENTRY,SHORT,72381.3,72586.87642857143,71970.14714285715,,TDP_TOP,TREND_DOWN,DOWN,0.0123054256556967,0.0161126828590564,PHASE_TREND_DOWN,BTCUSDT,NEUTRAL,,0.25,,,,,ALT_SHORT,,,,,,,,,0.0,0.8112175121005432,1.0,0.0,0.0,0.0,1.811218,BUDGET_CAP,BUDGET_CAP,2026-03-21 17:15:00+00:00
2026-03-13 12:30:00+00:00,,2026-03-13 12:30:00+00:00,PHASE_TREND_DOWN,SHORT,TDP_REENTRY,,2026-03-14 12:15:00+00:00,DOWN,,TDP_REENTRY,SHORT,72313.3,72725.87464285715,71488.15071428572,,TDP_TOP,TREND_DOWN,DOWN,0.0123054256556967,0.0161126828590564,PHASE_TREND_DOWN,BTCUSDT,NEUTRAL,,0.25,,,,,ALT_SHORT,,,,,,,,,0.0,0.8112175121005432,1.0,0.0,0.0,0.0,1.811218,BUDGET_CAP,BUDGET_CAP,2026-03-21 17:15:00+00:00
2026-03-13 12:45:00+00:00,,2026-03-13 12:45:00+00:00,PHASE_TREND_DOWN,SHORT,TDP_REENTRY,,2026-03-14 12:30:00+00:00,DOWN,,TDP_REENTRY,SHORT,72742.7,72922.10821428572,72383.88357142855,,TDP_TOP,TREND_DOWN,DOWN,0.0123054256556967,0.0161126828590564,PHASE_TREND_DOWN,BTCUSDT,NEUTRAL,,0.25,,,,,ALT_SHORT,,,,,,,,,0.0,0.8112175121005432,1.0,0.0,0.0,0.0,1.811218,BUDGET_CAP,BUDGET_CAP,2026-03-21 17:15:00+00:00
2026-03-13 14:15:00+00:00,,2026-03-13 14:15:00+00:00,PHASE_RANGE,SHORT,RANGE_TOP_SHORT_V2,,2026-03-14 14:00:00+00:00,DOWN,,RANGE_TOP_SHORT_V2,SHORT,2195.28,2212.5460714285714,2121.8450000000003,,RANGE_TOP_SHORT,TREND_DOWN,DOWN,0.0123054256556967,0.0161126828590564,PHASE_RANGE,ETHUSDT,NEUTRAL,,1.0,,,,,ALT_SHORT,,,,,,,,,0.0,0.7686541171122221,1.0,1.0,0.0,0.0,2.768654,BUDGET_CAP,BUDGET_CAP,2026-03-21 17:15:00+00:00
2026-03-15 02:45:00+00:00,,2026-03-15 02:45:00+00:00,PHASE_RANGE,SHORT,RANGE_TOP_SHORT_V2,,2026-03-16 02:30:00+00:00,DOWN,,RANGE_TOP_SHORT_V2,SHORT,2101.03,2109.1903571428575,2081.705,,RANGE_TOP_SHORT,TREND_DOWN,DOWN,0.0123054256556967,0.0161126828590564,PHASE_RANGE,ETHUSDT,NEUTRAL,,1.0,,,,,ALT_SHORT,,,,,,,,,0.0,0.7686541171122221,1.0,1.0,0.0,0.0,2.768654,BUDGET_CAP,BUDGET_CAP,2026-03-21 17:15:00+00:00
2026-03-15 05:30:00+00:00,,2026-03-15 05:30:00+00:00,PHASE_RANGE,SHORT,RANGE_TOP_SHORT_V2,,2026-03-16 05:15:00+00:00,DOWN,,RANGE_TOP_SHORT_V2,SHORT,2111.74,2116.9517857142855,2087.63,,RANGE_TOP_SHORT,TREND_DOWN,DOWN,0.0123054256556967,0.0161126828590564,PHASE_RANGE,ETHUSDT,NEUTRAL,,1.0,,,,,ALT_SHORT,,,,,,,,,0.0,0.7686541171122221,1.0,1.0,0.0,0.0,2.768654,BUDGET_CAP,BUDGET_CAP,2026-03-21 17:15:00+00:00
2026-03-15 09:15:00+00:00,,2026-03-15 09:15:00+00:00,PHASE_RANGE,SHORT,RANGE_TOP_SHORT_V2,,2026-03-16 09:00:00+00:00,DOWN,,RANGE_TOP_SHORT_V2,SHORT,2116.92,2124.0217857142857,2095.01,,RANGE_TOP_SHORT,TREND_DOWN,DOWN,0.0123054256556967,0.0161126828590564,PHASE_RANGE,ETHUSDT,NEUTRAL,,1.0,,,,,ALT_SHORT,,,,,,,,,0.0,0.7686541171122221,1.0,1.0,0.0,0.0,2.768654,BUDGET_CAP,BUDGET_CAP,2026-03-21 17:15:00+00:00
2026-03-15 22:00:00+00:00,,2026-03-15 22:00:00+00:00,PHASE_RANGE,SHORT,RANGE_TOP_SHORT_V2,,2026-03-16 21:45:00+00:00,DOWN,,RANGE_TOP_SHORT_V2,SHORT,2129.12,2141.2426785714288,2115.16,,RANGE_TOP_SHORT,TREND_DOWN,DOWN,0.0123054256556967,0.0161126828590564,PHASE_RANGE,ETHUSDT,NEUTRAL,,1.0,,,,,ALT_SHORT,,,,,,,,,0.0,0.7686541171122221,1.0,1.0,0.0,0.0,2.768654,BUDGET_CAP,BUDGET_CAP,2026-03-21 17:15:00+00:00
2026-03-16 03:15:00+00:00,,2026-03-16 03:15:00+00:00,PHASE_RANGE,SHORT,RANGE_TOP_SHORT_V2,,2026-03-17 03:00:00+00:00,DOWN,,RANGE_TOP_SHORT_V2,SHORT,2200.0,2212.03875,2144.01,,RANGE_TOP_SHORT,TREND_DOWN,DOWN,0.0123054256556967,0.0161126828590564,PHASE_RANGE,ETHUSDT,NEUTRAL,,1.0,,,,,ALT_SHORT,,,,,,,,,0.0,0.7686541171122221,1.0,1.0,0.0,0.0,2.768654,BUDGET_CAP,BUDGET_CAP,2026-03-21 17:15:00+00:00
2026-03-16 04:45:00+00:00,,2026-03-16 04:45:00+00:00,PHASE_RANGE,SHORT,RANGE_TOP_SHORT_V2,,2026-03-17 04:30:00+00:00,DOWN,,RANGE_TOP_SHORT_V2,SHORT,2262.35,2283.196785714286,2178.4049999999997,,RANGE_TOP_SHORT,TREND_DOWN,DOWN,0.0123054256556967,0.0161126828590564,PHASE_RANGE,ETHUSDT,NEUTRAL,,0.25,,,,,ALT_SHORT,,,,,,,,,0.0,0.7686541171122221,1.0,1.0,0.0,0.0,2.768654,BUDGET_CAP,BUDGET_CAP,2026-03-21 17:15:00+00:00
2026-03-16 12:00:00+00:00,,2026-03-16 12:00:00+00:00,PHASE_RANGE,SHORT,RANGE_TOP_SHORT_V2,,2026-03-17 11:45:00+00:00,DOWN,,RANGE_TOP_SHORT_V2,SHORT,2280.53,2297.269464285714,2187.86,,RANGE_TOP_SHORT,TREND_DOWN,DOWN,0.0123054256556967,0.0161126828590564,PHASE_RANGE,ETHUSDT,NEUTRAL,,0.25,,,,,ALT_SHORT,,,,,,,,,0.0,0.7686541171122221,1.0,1.0,0.0,0.0,2.768654,BUDGET_CAP,BUDGET_CAP,2026-03-21 17:15:00+00:00
2026-03-16 13:30:00+00:00,,2026-03-16 13:30:00+00:00,PHASE_RANGE,SHORT,RANGE_TOP_SHORT_V2,,2026-03-17 13:15:00+00:00,DOWN,,RANGE_TOP_SHORT_V2,SHORT,2290.02,2311.0851785714285,2198.045,,RANGE_TOP_SHORT,TREND_DOWN,DOWN,0.0123054256556967,0.0161126828590564,PHASE_RANGE,ETHUSDT,NEUTRAL,,0.25,,,,,ALT_SHORT,,,,,,,,,0.0,0.7686541171122221,1.0,1.0,0.0,0.0,2.768654,BUDGET_CAP,BUDGET_CAP,2026-03-21 17:15:00+00:00
2026-03-16 17:45:00+00:00,,2026-03-16 17:45:00+00:00,PHASE_RANGE,SHORT,RANGE_TOP_SHORT_V2,,2026-03-17 17:30:00+00:00,DOWN,,RANGE_TOP_SHORT_V2,SHORT,2313.8,2328.395535714286,2222.01,,RANGE_TOP_SHORT,TREND_DOWN,DOWN,0.0123054256556967,0.0161126828590564,PHASE_RANGE,ETHUSDT,NEUTRAL,,0.25,,,,,ALT_SHORT,,,,,,,,,0.0,0.7686541171122221,1.0,1.0,0.0,0.0,2.768654,BUDGET_CAP,BUDGET_CAP,2026-03-21 17:15:00+00:00
2026-03-15 02:00:00+00:00,,2026-03-15 02:00:00+00:00,PHASE_RANGE,SHORT,RANGE_TOP_SHORT_V2,,2026-03-16 01:45:00+00:00,DOWN,,RANGE_TOP_SHORT_V2,SHORT,88.11,88.34285714285714,87.31,,RANGE_TOP_SHORT,TREND_DOWN,DOWN,0.0123054256556967,0.0161126828590564,PHASE_RANGE,SOLUSDT,NEUTRAL,,1.0,,,,,ALT_SHORT,,,,,,,,,0.0,0.7523330004159583,1.0,1.0,0.0,0.0,2.752333,BUDGET_CAP,BUDGET_CAP,2026-03-21 17:15:00+00:00
2026-03-15 09:15:00+00:00,,2026-03-15 09:15:00+00:00,PHASE_RANGE,SHORT,RANGE_TOP_SHORT_V2,,2026-03-16 09:00:00+00:00,DOWN,,RANGE_TOP_SHORT_V2,SHORT,88.59,88.89375,87.695,,RANGE_TOP_SHORT,TREND_DOWN,DOWN,0.0123054256556967,0.0161126828590564,PHASE_RANGE,SOLUSDT,NEUTRAL,,1.0,,,,,ALT_SHORT,,,,,,,,,0.0,0.7523330004159583,1.0,1.0,0.0,0.0,2.752333,BUDGET_CAP,BUDGET_CAP,2026-03-21 17:15:00+00:00
2026-03-15 20:30:00+00:00,,2026-03-15 20:30:00+00:00,PHASE_RANGE,SHORT,RANGE_TOP_SHORT_V2,,2026-03-16 20:15:00+00:00,DOWN,,RANGE_TOP_SHORT_V2,SHORT,88.76,89.07375,88.075,,RANGE_TOP_SHORT,TREND_DOWN,DOWN,0.0123054256556967,0.0161126828590564,PHASE_RANGE,SOLUSDT,NEUTRAL,,1.0,,,,,ALT_SHORT,,,,,,,,,0.0,0.7523330004159583,1.0,1.0,0.0,0.0,2.752333,BUDGET_CAP,BUDGET_CAP,2026-03-21 17:15:00+00:00
2026-03-15 22:00:00+00:00,,2026-03-15 22:00:00+00:00,PHASE_RANGE,SHORT,RANGE_TOP_SHORT_V2,,2026-03-16 21:45:00+00:00,DOWN,,RANGE_TOP_SHORT_V2,SHORT,90.08,91.09982142857143,88.785,,RANGE_TOP_SHORT,TREND_DOWN,DOWN,0.0123054256556967,0.0161126828590564,PHASE_RANGE,SOLUSDT,NEUTRAL,,1.0,,,,,ALT_SHORT,,,,,,,,,0.0,0.7523330004159583,1.0,1.0,0.0,0.0,2.752333,BUDGET_CAP,BUDGET_CAP,2026-03-21 17:15:00+00:00
2026-03-16 04:45:00+00:00,,2026-03-16 04:45:00+00:00,PHASE_RANGE,SHORT,RANGE_TOP_SHORT_V2,,2026-03-17 04:30:00+00:00,DOWN,,RANGE_TOP_SHORT_V2,SHORT,93.59,94.09678571428572,90.62,,RANGE_TOP_SHORT,TREND_DOWN,DOWN,0.0123054256556967,0.0161126828590564,PHASE_RANGE,SOLUSDT,NEUTRAL,,1.0,,,,,ALT_SHORT,,,,,,,,,0.0,0.7523330004159583,1.0,1.0,0.0,0.0,2.752333,BUDGET_CAP,BUDGET_CAP,2026-03-21 17:15:00+00:00
2026-03-16 13:30:00+00:00,,2026-03-16 13:30:00+00:00,PHASE_RANGE,SHORT,RANGE_TOP_SHORT_V2,,2026-03-17 13:15:00+00:00,DOWN,,RANGE_TOP_SHORT_V2,SHORT,93.92,95.27214285714287,91.015,,RANGE_TOP_SHORT,TREND_DOWN,DOWN,0.0123054256556967,0.0161126828590564,PHASE_RANGE,SOLUSDT,NEUTRAL,,1.0,,,,,ALT_SHORT,,,,,,,,,0.0,0.7523330004159583,1.0,1.0,0.0,0.0,2.752333,BUDGET_CAP,BUDGET_CAP,2026-03-21 17:15:00+00:00
2026-03-16 19:00:00+00:00,,2026-03-16 19:00:00+00:00,PHASE_RANGE,SHORT,RANGE_TOP_SHORT_V2,,2026-03-17 18:45:00+00:00,DOWN,,RANGE_TOP_SHORT_V2,SHORT,95.12,95.60571428571428,93.14,,RANGE_TOP_SHORT,TREND_DOWN,DOWN,0.0123054256556967,0.0161126828590564,PHASE_RANGE,SOLUSDT,NEUTRAL,,0.25,,,,,ALT_SHORT,,,,,,,,,0.0,0.7523330004159583,1.0,1.0,0.0,0.0,2.752333,BUDGET_CAP,BUDGET_CAP,2026-03-21 17:15:00+00:00
2026-03-16 20:30:00+00:00,,2026-03-16 20:30:00+00:00,PHASE_RANGE,SHORT,RANGE_TOP_SHORT_V2,,2026-03-17 20:15:00+00:00,DOWN,,RANGE_TOP_SHORT_V2,SHORT,95.49,96.11321428571428,93.505,,RANGE_TOP_SHORT,TREND_DOWN,DOWN,0.0123054256556967,0.0161126828590564,PHASE_RANGE,SOLUSDT,NEUTRAL,,0.25,,,,,ALT_SHORT,,,,,,,,,0.0,0.7523330004159583,1.0,1.0,0.0,0.0,2.752333,BUDGET_CAP,BUDGET_CAP,2026-03-21 17:15:00+00:00
2026-03-21 02:45:00+00:00,,2026-03-21 02:45:00+00:00,PHASE_RANGE,SHORT,RANGE_TOP_SHORT_V2,,2026-03-21 17:15:00+00:00,DOWN,,RANGE_TOP_SHORT_V2,SHORT,90.41,90.70625,89.24000000000001,,RANGE_TOP_SHORT,TREND_DOWN,DOWN,0.0123054256556967,0.0161126828590564,PHASE_RANGE,SOLUSDT,NEUTRAL,,0.25,,,,,ALT_SHORT,,,,,,,,,0.0,0.7523330004159583,1.0,1.0,0.0,0.0,2.752333,BUDGET_CAP,BUDGET_CAP,2026-03-21 17:15:00+00:00
2026-03-15 13:45:00+00:00,,2026-03-15 13:45:00+00:00,PHASE_TREND_DOWN,SHORT,TDP_REENTRY,,2026-03-16 13:30:00+00:00,DOWN,,TDP_REENTRY,SHORT,1.4224,1.4304714285714286,1.406257142857143,,TDP_TOP,TREND_DOWN,DOWN,0.0123054256556967,0.0161126828590564,PHASE_TREND_DOWN,XRPUSDT,NEUTRAL,,1.0,,,,,ALT_SHORT,,,,,,,,,0.0,0.7177577662608345,1.0,1.0,0.0,0.0,2.717758,CORR_CAP,CORR_CAP,2026-03-21 17:15:00+00:00
2026-03-15 14:00:00+00:00,,2026-03-15 14:00:00+00:00,PHASE_TREND_DOWN,SHORT,TDP_REENTRY,,2026-03-16 13:45:00+00:00,DOWN,,TDP_REENTRY,SHORT,1.4234,1.4304885714285713,1.4092228571428573,,TDP_TOP,TREND_DOWN,DOWN,0.0123054256556967,0.0161126828590564,PHASE_TREND_DOWN,XRPUSDT,NEUTRAL,,1.0,,,,,ALT_SHORT,,,,,,,,,0.0,0.7177577662608345,1.0,1.0,0.0,0.0,2.717758,CORR_CAP,CORR_CAP,2026-03-21 17:15:00+00:00
2026-03-15 22:30:00+00:00,,2026-03-15 22:30:00+00:00,PHASE_TREND_DOWN,SHORT,TDP_REENTRY,,2026-03-16 22:15:00+00:00,DOWN,,TDP_REENTRY,SHORT,1.4512,1.4587367857142857,1.4361264285714288,,TDP_TOP,TREND_DOWN,DOWN,0.0123054256556967,0.0161126828590564,PHASE_TREND_DOWN,XRPUSDT,NEUTRAL,,1.0,,,,,ALT_SHORT,,,,,,,,,0.0,0.7177577662608345,1.0,1.0,0.0,0.0,2.717758,CORR_CAP,CORR_CAP,2026-03-21 17:15:00+00:00
2026-03-15 22:45:00+00:00,,2026-03-15 22:45:00+00:00,PHASE_TREND_DOWN,SHORT,TDP_REENTRY,,2026-03-16 22:30:00+00:00,DOWN,,TDP_REENTRY,SHORT,1.4546,1.466045,1.4317099999999996,,TDP_TOP,TREND_DOWN,DOWN,0.0123054256556967,0.0161126828590564,PHASE_TREND_DOWN,XRPUSDT,NEUTRAL,,1.0,,,,,ALT_SHORT,,,,,,,,,0.0,0.7177577662608345,1.0,1.0,0.0,0.0,2.717758,CORR_CAP,CORR_CAP,2026-03-21 17:15:00+00:00
2026-03-16 03:30:00+00:00,,2026-03-16 03:30:00+00:00,PHASE_TREND_DOWN,SHORT,TDP_REENTRY,,2026-03-17 03:15:00+00:00,DOWN,,TDP_REENTRY,SHORT,1.4702,1.4810910714285714,1.448417857142857,,TDP_TOP,TREND_DOWN,DOWN,0.0123054256556967,0.0161126828590564,PHASE_TREND_DOWN,XRPUSDT,NEUTRAL,,1.0,,,,,ALT_SHORT,,,,,,,,,0.0,0.7177577662608345,1.0,1.0,0.0,0.0,2.717758,CORR_CAP,CORR_CAP,2026-03-21 17:15:00+00:00
2026-03-16 03:45:00+00:00,,2026-03-16 03:45:00+00:00,PHASE_TREND_DOWN,SHORT,TDP_REENTRY,,2026-03-17 03:30:00+00:00,DOWN,,TDP_REENTRY,SHORT,1.4671,1.4810814285714287,1.439137142857143,,TDP_TOP,TREND_DOWN,DOWN,0.0123054256556967,0.0161126828590564,PHASE_TREND_DOWN,XRPUSDT,NEUTRAL,,1.0,,,,,ALT_SHORT,,,,,,,,,0.0,0.7177577662608345,1.0,1.0,0.0,0.0,2.717758,CORR_CAP,CORR_CAP,2026-03-21 17:15:00+00:00
2026-03-16 04:00:00+00:00,,2026-03-16 04:00:00+00:00,PHASE_TREND_DOWN,SHORT,TDP_REENTRY,,2026-03-17 03:45:00+00:00,DOWN,,TDP_REENTRY,SHORT,1.474,1.4811017857142856,1.4597964285714287,,TDP_TOP,TREND_DOWN,DOWN,0.0123054256556967,0.0161126828590564,PHASE_TREND_DOWN,XRPUSDT,NEUTRAL,,1.0,,,,,ALT_SHORT,,,,,,,,,0.0,0.7177577662608345,1.0,1.0,0.0,0.0,2.717758,CORR_CAP,CORR_CAP,2026-03-21 17:15:00+00:00
2026-03-16 04:15:00+00:00,,2026-03-16 04:15:00+00:00,PHASE_TREND_DOWN,SHORT,TDP_REENTRY,,2026-03-17 04:00:00+00:00,DOWN,,TDP_REENTRY,SHORT,1.469,1.481165,1.4446700000000001,,TDP_TOP,TREND_DOWN,DOWN,0.0123054256556967,0.0161126828590564,PHASE_TREND_DOWN,XRPUSDT,NEUTRAL,,1.0,,,,,ALT_SHORT,,,,,,,,,0.0,0.7177577662608345,1.0,1.0,0.0,0.0,2.717758,CORR_CAP,CORR_CAP,2026-03-21 17:15:00+00:00
2026-03-16 04:30:00+00:00,,2026-03-16 04:30:00+00:00,PHASE_TREND_DOWN,SHORT,TDP_REENTRY,,2026-03-17 04:15:00+00:00,DOWN,,TDP_REENTRY,SHORT,1.4766,1.4811735714285714,1.467452857142857,,TDP_TOP,TREND_DOWN,DOWN,0.0123054256556967,0.0161126828590564,PHASE_TREND_DOWN,XRPUSDT,NEUTRAL,,1.0,,,,,ALT_SHORT,,,,,,,,,0.0,0.7177577662608345,1.0,1.0,0.0,0.0,2.717758,CORR_CAP,CORR_CAP,2026-03-21 17:15:00+00:00
2026-03-16 04:45:00+00:00,,2026-03-16 04:45:00+00:00,PHASE_TREND_DOWN,SHORT,TDP_REENTRY,,2026-03-17 04:30:00+00:00,DOWN,,TDP_REENTRY,SHORT,1.4796,1.487185357142857,1.464429285714286,,TDP_TOP,TREND_DOWN,DOWN,0.0123054256556967,0.0161126828590564,PHASE_TREND_DOWN,XRPUSDT,NEUTRAL,,1.0,,,,,ALT_SHORT,,,,,,,,,0.0,0.7177577662608345,1.0,1.0,0.0,0.0,2.717758,CORR_CAP,CORR_CAP,2026-03-21 17:15:00+00:00
2026-03-16 05:00:00+00:00,,2026-03-16 05:00:00+00:00,PHASE_TREND_DOWN,SHORT,TDP_REENTRY,,2026-03-17 04:45:00+00:00,DOWN,,TDP_REENTRY,SHORT,1.4799,1.4872239285714286,1.4652521428571428,,TDP_TOP,TREND_DOWN,DOWN,0.0123054256556967,0.0161126828590564,PHASE_TREND_DOWN,XRPUSDT,NEUTRAL,,1.0,,,,,ALT_SHORT,,,,,,,,,0.0,0.7177577662608345,1.0,1.0,0.0,0.0,2.717758,CORR_CAP,CORR_CAP,2026-03-21 17:15:00+00:00
2026-03-16 05:15:00+00:00,,2026-03-16 05:15:00+00:00,PHASE_TREND_DOWN,SHORT,TDP_REENTRY,,2026-03-17 05:00:00+00:00,DOWN,,TDP_REENTRY,SHORT,1.4795,1.4871885714285715,1.464122857142857,,TDP_TOP,TREND_DOWN,DOWN,0.0123054256556967,0.0161126828590564,PHASE_TREND_DOWN,XRPUSDT,NEUTRAL,,1.0,,,,,ALT_SHORT,,,,,,,,,0.0,0.7177577662608345,1.0,1.0,0.0,0.0,2.717758,CORR_CAP,CORR_CAP,2026-03-21 17:15:00+00:00
2026-03-16 05:30:00+00:00,,2026-03-16 05:30:00+00:00,PHASE_TREND_DOWN,SHORT,TDP_REENTRY,,2026-03-17 05:15:00+00:00,DOWN,,TDP_REENTRY,SHORT,1.4826,1.4872217857142858,1.4733564285714282,,TDP_TOP,TREND_DOWN,DOWN,0.0123054256556967,0.0161126828590564,PHASE_TREND_DOWN,XRPUSDT,NEUTRAL,,1.0,,,,,ALT_SHORT,,,,,,,,,0.0,0.7177577662608345,1.0,1.0,0.0,0.0,2.717758,CORR_CAP,CORR_CAP,2026-03-21 17:15:00+00:00
2026-03-16 05:45:00+00:00,,2026-03-16 05:45:00+00:00,PHASE_TREND_DOWN,SHORT,TDP_REENTRY,,2026-03-17 05:30:00+00:00,DOWN,,TDP_REENTRY,SHORT,1.4804,1.4872035714285714,1.466792857142857,,TDP_TOP,TREND_DOWN,DOWN,0.0123054256556967,0.0161126828590564,PHASE_TREND_DOWN,XRPUSDT,NEUTRAL,,1.0,,,,,ALT_SHORT,,,,,,,,,0.0,0.7177577662608345,1.0,1.0,0.0,0.0,2.717758,CORR_CAP,CORR_CAP,2026-03-21 17:15:00+00:00
2026-03-16 06:00:00+00:00,,2026-03-16 06:00:00+00:00,PHASE_TREND_DOWN,SHORT,TDP_REENTRY,,2026-03-17 05:45:00+00:00,DOWN,,TDP_REENTRY,SHORT,1.4761,1.4872539285714286,1.4537921428571428,,TDP_TOP,TREND_DOWN,DOWN,0.0123054256556967,0.0161126828590564,PHASE_TREND_DOWN,XRPUSDT,NEUTRAL,,1.0,,,,,ALT_SHORT,,,,,,,,,0.0,0.7177577662608345,1.0,1.0,0.0,0.0,2.717758,CORR_CAP,CORR_CAP,2026-03-21 17:15:00+00:00
2026-03-16 06:15:00+00:00,,2026-03-16 06:15:00+00:00,PHASE_TREND_DOWN,SHORT,TDP_REENTRY,,2026-03-17 06:00:00+00:00,DOWN,,TDP_REENTRY,SHORT,1.4768,1.4872367857142856,1.4559264285714284,,TDP_TOP,TREND_DOWN,DOWN,0.0123054256556967,0.0161126828590564,PHASE_TREND_DOWN,XRPUSDT,NEUTRAL,,1.0,,,,,ALT_SHORT,,,,,,,,,0.0,0.7177577662608345,1.0,1.0,0.0,0.0,2.717758,CORR_CAP,CORR_CAP,2026-03-21 17:15:00+00:00
2026-03-16 06:30:00+00:00,,2026-03-16 06:30:00+00:00,PHASE_TREND_DOWN,SHORT,TDP_REENTRY,,2026-03-17 06:15:00+00:00,DOWN,,TDP_REENTRY,SHORT,1.4791,1.4872389285714285,1.4628221428571433,,TDP_TOP,TREND_DOWN,DOWN,0.0123054256556967,0.0161126828590564,PHASE_TREND_DOWN,XRPUSDT,NEUTRAL,,1.0,,,,,ALT_SHORT,,,,,,,,,0.0,0.7177577662608345,1.0,1.0,0.0,0.0,2.717758,CORR_CAP,CORR_CAP,2026-03-21 17:15:00+00:00
2026-03-16 13:30:00+00:00,,2026-03-16 13:30:00+00:00,PHASE_TREND_DOWN,SHORT,TDP_REENTRY,,2026-03-17 13:15:00+00:00,DOWN,,TDP_REENTRY,SHORT,1.4838,1.4931235714285713,1.4651528571428574,,TDP_TOP,TREND_DOWN,DOWN,0.0123054256556967,0.0161126828590564,PHASE_TREND_DOWN,XRPUSDT,NEUTRAL,,1.0,,,,,ALT_SHORT,,,,,,,,,0.0,0.7177577662608345,1.0,1.0,0.0,0.0,2.717758,CORR_CAP,CORR_CAP,2026-03-21 17:15:00+00:00
2026-03-16 13:45:00+00:00,,2026-03-16 13:45:00+00:00,PHASE_TREND_DOWN,SHORT,TDP_REENTRY,,2026-03-17 13:30:00+00:00,DOWN,,TDP_REENTRY,SHORT,1.4821,1.4932167857142857,1.4598664285714285,,TDP_TOP,TREND_DOWN,DOWN,0.0123054256556967,0.0161126828590564,PHASE_TREND_DOWN,XRPUSDT,NEUTRAL,,1.0,,,,,ALT_SHORT,,,,,,,,,0.0,0.7177577662608345,1.0,1.0,0.0,0.0,2.717758,CORR_CAP,CORR_CAP,2026-03-21 17:15:00+00:00
2026-03-16 14:00:00+00:00,,2026-03-16 14:00:00+00:00,PHASE_TREND_DOWN,SHORT,TDP_REENTRY,,2026-03-17 13:45:00+00:00,DOWN,,TDP_REENTRY,SHORT,1.4875,1.4932660714285715,1.4759678571428572,,TDP_TOP,TREND_DOWN,DOWN,0.0123054256556967,0.0161126828590564,PHASE_TREND_DOWN,XRPUSDT,NEUTRAL,,1.0,,,,,ALT_SHORT,,,,,,,,,0.0,0.7177577662608345,1.0,1.0,0.0,0.0,2.717758,CORR_CAP,CORR_CAP,2026-03-21 17:15:00+00:00
2026-03-16 14:15:00+00:00,,2026-03-16 14:15:00+00:00,PHASE_TREND_DOWN,SHORT,TDP_REENTRY,,2026-03-17 14:00:00+00:00,DOWN,,TDP_REENTRY,SHORT,1.479,1.4933014285714286,1.4503971428571432,,TDP_TOP,TREND_DOWN,DOWN,0.0123054256556967,0.0161126828590564,PHASE_TREND_DOWN,XRPUSDT,NEUTRAL,,1.0,,,,,ALT_SHORT,,,,,,,,,0.0,0.7177577662608345,1.0,1.0,0.0,0.0,2.717758,CORR_CAP,CORR_CAP,2026-03-21 17:15:00+00:00
2026-03-16 14:30:00+00:00,,2026-03-16 14:30:00+00:00,PHASE_TREND_DOWN,SHORT,TDP_REENTRY,,2026-03-17 14:15:00+00:00,DOWN,,TDP_REENTRY,SHORT,1.4758,1.4933925,1.4406150000000002,,TDP_TOP,TREND_DOWN,DOWN,0.0123054256556967,0.0161126828590564,PHASE_TREND_DOWN,XRPUSDT,NEUTRAL,,1.0,,,,,ALT_SHORT,,,,,,,,,0.0,0.7177577662608345,1.0,1.0,0.0,0.0,2.717758,CORR_CAP,CORR_CAP,2026-03-21 17:15:00+00:00
2026-03-16 14:45:00+00:00,,2026-03-16 14:45:00+00:00,PHASE_TREND_DOWN,SHORT,TDP_REENTRY,,2026-03-17 14:30:00+00:00,DOWN,,TDP_REENTRY,SHORT,1.5089,1.510587142857143,1.505525714285714,,TDP_TOP,TREND_DOWN,DOWN,0.0123054256556967,0.0161126828590564,PHASE_TREND_DOWN,XRPUSDT,NEUTRAL,,1.0,,,,,ALT_SHORT,,,,,,,,,0.0,0.7177577662608345,1.0,1.0,0.0,0.0,2.717758,CORR_CAP,CORR_CAP,2026-03-21 17:15:00+00:00
2026-03-16 15:00:00+00:00,,2026-03-16 15:00:00+00:00,PHASE_TREND_DOWN,SHORT,TDP_REENTRY,,2026-03-17 14:45:00+00:00,DOWN,,TDP_REENTRY,SHORT,1.5078,1.5144199999999999,1.4945600000000003,,TDP_TOP,TREND_DOWN,DOWN,0.0123054256556967,0.0161126828590564,PHASE_TREND_DOWN,XRPUSDT,NEUTRAL,,1.0,,,,,ALT_SHORT,,,,,,,,,0.0,0.7177577662608345,1.0,1.0,0.0,0.0,2.717758,CORR_CAP,CORR_CAP,2026-03-21 17:15:00+00:00
2026-03-16 15:15:00+00:00,,2026-03-16 15:15:00+00:00,PHASE_TREND_DOWN,SHORT,TDP_REENTRY,,2026-03-17 15:00:00+00:00,DOWN,,TDP_REENTRY,SHORT,1.5101,1.5162207142857143,1.4978585714285715,,TDP_TOP,TREND_DOWN,DOWN,0.0123054256556967,0.0161126828590564,PHASE_TREND_DOWN,XRPUSDT,NEUTRAL,,1.0,,,,,ALT_SHORT,,,,,,,,,0.0,0.7177577662608345,1.0,1.0,0.0,0.0,2.717758,CORR_CAP,CORR_CAP,2026-03-21 17:15:00+00:00
2026-03-16 15:30:00+00:00,,2026-03-16 15:30:00+00:00,PHASE_TREND_DOWN,SHORT,TDP_REENTRY,,2026-03-17 15:15:00+00:00,DOWN,,TDP_REENTRY,SHORT,1.4981,1.5178460714285715,1.458607857142857,,TDP_TOP,TREND_DOWN,DOWN,0.0123054256556967,0.0161126828590564,PHASE_TREND_DOWN,XRPUSDT,NEUTRAL,,1.0,,,,,ALT_SHORT,,,,,,,,,0.0,0.7177577662608345,1.0,1.0,0.0,0.0,2.717758,CORR_CAP,CORR_CAP,2026-03-21 17:15:00+00:00
2026-03-16 16:15:00+00:00,,2026-03-16 16:15:00+00:00,PHASE_TREND_DOWN,SHORT,TDP_REENTRY,,2026-03-17 16:00:00+00:00,DOWN,,TDP_REENTRY,SHORT,1.4998,1.5179392857142857,1.4635214285714286,,TDP_TOP,TREND_DOWN,DOWN,0.0123054256556967,0.0161126828590564,PHASE_TREND_DOWN,XRPUSDT,NEUTRAL,,1.0,,,,,ALT_SHORT,,,,,,,,,0.0,0.7177577662608345,1.0,1.0,0.0,0.0,2.717758,CORR_CAP,CORR_CAP,2026-03-21 17:15:00+00:00
2026-03-16 16:30:00+00:00,,2026-03-16 16:30:00+00:00,PHASE_TREND_DOWN,SHORT,TDP_REENTRY,,2026-03-17 16:15:00+00:00,DOWN,,TDP_REENTRY,SHORT,1.5029,1.5179692857142857,1.4727614285714283,,TDP_TOP,TREND_DOWN,DOWN,0.0123054256556967,0.0161126828590564,PHASE_TREND_DOWN,XRPUSDT,NEUTRAL,,1.0,,,,,ALT_SHORT,,,,,,,,,0.0,0.7177577662608345,1.0,1.0,0.0,0.0,2.717758,CORR_CAP,CORR_CAP,2026-03-21 17:15:00+00:00
2026-03-16 18:00:00+00:00,,2026-03-16 18:00:00+00:00,PHASE_TREND_DOWN,SHORT,TDP_REENTRY,,2026-03-17 17:45:00+00:00,DOWN,,TDP_REENTRY,SHORT,1.5242,1.5295225000000001,1.5135549999999998,,TDP_TOP,TREND_DOWN,DOWN,0.0123054256556967,0.0161126828590564,PHASE_TREND_DOWN,XRPUSDT,NEUTRAL,,1.0,,,,,ALT_SHORT,,,,,,,,,0.0,0.7177577662608345,1.0,1.0,0.0,0.0,2.717758,CORR_CAP,CORR_CAP,2026-03-21 17:15:00+00:00
2026-03-16 18:15:00+00:00,,2026-03-16 18:15:00+00:00,PHASE_TREND_DOWN,SHORT,TDP_REENTRY,,2026-03-17 18:00:00+00:00,DOWN,,TDP_REENTRY,SHORT,1.5406,1.5457885714285715,1.5302228571428569,,TDP_TOP,TREND_DOWN,DOWN,0.0123054256556967,0.0161126828590564,PHASE_TREND_DOWN,XRPUSDT,NEUTRAL,,1.0,,,,,ALT_SHORT,,,,,,,,,0.0,0.7177577662608345,1.0,1.0,0.0,0.0,2.717758,CORR_CAP,CORR_CAP,2026-03-21 17:15:00+00:00
2026-03-16 18:30:00+00:00,,2026-03-16 18:30:00+00:00,PHASE_TREND_DOWN,SHORT,TDP_REENTRY,,2026-03-17 18:15:00+00:00,DOWN,,TDP_REENTRY,SHORT,1.5376,1.5457114285714286,1.521377142857143,,TDP_TOP,TREND_DOWN,DOWN,0.0123054256556967,0.0161126828590564,PHASE_TREND_DOWN,XRPUSDT,NEUTRAL,,1.0,,,,,ALT_SHORT,,,,,,,,,0.0,0.7177577662608345,1.0,1.0,0.0,0.0,2.717758,CORR_CAP,CORR_CAP,2026-03-21 17:15:00+00:00
2026-03-16 18:45:00+00:00,,2026-03-16 18:45:00+00:00,PHASE_TREND_DOWN,SHORT,TDP_REENTRY,,2026-03-17 18:30:00+00:00,DOWN,,TDP_REENTRY,SHORT,1.5349,1.5456610714285715,1.5133778571428569,,TDP_TOP,TREND_DOWN,DOWN,0.0123054256556967,0.0161126828590564,PHASE_TREND_DOWN,XRPUSDT,NEUTRAL,,1.0,,,,,ALT_SHORT,,,,,,,,,0.0,0.7177577662608345,1.0,1.0,0.0,0.0,2.717758,CORR_CAP,CORR_CAP,2026-03-21 17:15:00+00:00
2026-03-16 19:00:00+00:00,,2026-03-16 19:00:00+00:00,PHASE_TREND_DOWN,SHORT,TDP_REENTRY,,2026-03-17 18:45:00+00:00,DOWN,,TDP_REENTRY,SHORT,1.5382,1.5456085714285714,1.5233828571428571,,TDP_TOP,TREND_DOWN,DOWN,0.0123054256556967,0.0161126828590564,PHASE_TREND_DOWN,XRPUSDT,NEUTRAL,,1.0,,,,,ALT_SHORT,,,,,,,,,0.0,0.7177577662608345,1.0,1.0,0.0,0.0,2.717758,CORR_CAP,CORR_CAP,2026-03-21 17:15:00+00:00
2026-03-16 19:15:00+00:00,,2026-03-16 19:15:00+00:00,PHASE_TREND_DOWN,SHORT,TDP_REENTRY,,2026-03-17 19:00:00+00:00,DOWN,,TDP_REENTRY,SHORT,1.5352,1.5456225000000001,1.5143549999999995,,TDP_TOP,TREND_DOWN,DOWN,0.0123054256556967,0.0161126828590564,PHASE_TREND_DOWN,XRPUSDT,NEUTRAL,,1.0,,,,,ALT_SHORT,,,,,,,,,0.0,0.7177577662608345,1.0,1.0,0.0,0.0,2.717758,CORR_CAP,CORR_CAP,2026-03-21 17:15:00+00:00
2026-03-16 19:30:00+00:00,,2026-03-16 19:30:00+00:00,PHASE_TREND_DOWN,SHORT,TDP_REENTRY,,2026-03-17 19:15:00+00:00,DOWN,,TDP_REENTRY,SHORT,1.5294,1.5456171428571428,1.4969657142857147,,TDP_TOP,TREND_DOWN,DOWN,0.0123054256556967,0.0161126828590564,PHASE_TREND_DOWN,XRPUSDT,NEUTRAL,,1.0,,,,,ALT_SHORT,,,,,,,,,0.0,0.7177577662608345,1.0,1.0,0.0,0.0,2.717758,CORR_CAP,CORR_CAP,2026-03-21 17:15:00+00:00
2026-03-16 19:45:00+00:00,,2026-03-16 19:45:00+00:00,PHASE_TREND_DOWN,SHORT,TDP_REENTRY,,2026-03-17 19:30:00+00:00,DOWN,,TDP_REENTRY,SHORT,1.5292,1.5456578571428572,1.4962842857142853,,TDP_TOP,TREND_DOWN,DOWN,0.0123054256556967,0.0161126828590564,PHASE_TREND_DOWN,XRPUSDT,NEUTRAL,,1.0,,,,,ALT_SHORT,,,,,,,,,0.0,0.7177577662608345,1.0,1.0,0.0,0.0,2.717758,CORR_CAP,CORR_CAP,2026-03-21 17:15:00+00:00
2026-03-16 20:00:00+00:00,,2026-03-16 20:00:00+00:00,PHASE_TREND_DOWN,SHORT,TDP_REENTRY,,2026-03-17 19:45:00+00:00,DOWN,,TDP_REENTRY,SHORT,1.5257,1.5456257142857144,1.4858485714285714,,TDP_TOP,TREND_DOWN,DOWN,0.0123054256556967,0.0161126828590564,PHASE_TREND_DOWN,XRPUSDT,NEUTRAL,,1.0,,,,,ALT_SHORT,,,,,,,,,0.0,0.7177577662608345,1.0,1.0,0.0,0.0,2.717758,CORR_CAP,CORR_CAP,2026-03-21 17:15:00+00:00
2026-03-16 22:45:00+00:00,,2026-03-16 22:45:00+00:00,PHASE_TREND_DOWN,SHORT,TDP_REENTRY,,2026-03-17 22:30:00+00:00,DOWN,,TDP_REENTRY,SHORT,1.5508,1.5530771428571428,1.5462457142857142,,TDP_TOP,TREND_DOWN,DOWN,0.0123054256556967,0.0161126828590564,PHASE_TREND_DOWN,XRPUSDT,NEUTRAL,,1.0,,,,,ALT_SHORT,,,,,,,,,0.0,0.7177577662608345,1.0,1.0,0.0,0.0,2.717758,CORR_CAP,CORR_CAP,2026-03-21 17:15:00+00:00
2026-03-16 23:00:00+00:00,,2026-03-16 23:00:00+00:00,PHASE_TREND_DOWN,SHORT,TDP_REENTRY,,2026-03-17 22:45:00+00:00,DOWN,,TDP_REENTRY,SHORT,1.54,1.55315,1.5137,,TDP_TOP,TREND_DOWN,DOWN,0.0123054256556967,0.0161126828590564,PHASE_TREND_DOWN,XRPUSDT,NEUTRAL,,1.0,,,,,ALT_SHORT,,,,,,,,,0.0,0.7177577662608345,1.0,1.0,0.0,0.0,2.717758,CORR_CAP,CORR_CAP,2026-03-21 17:15:00+00:00
2026-03-16 23:15:00+00:00,,2026-03-16 23:15:00+00:00,PHASE_TREND_DOWN,SHORT,TDP_REENTRY,,2026-03-17 23:00:00+00:00,DOWN,,TDP_REENTRY,SHORT,1.5458,1.5530953571428572,1.5312092857142858,,TDP_TOP,TREND_DOWN,DOWN,0.0123054256556967,0.0161126828590564,PHASE_TREND_DOWN,XRPUSDT,NEUTRAL,,1.0,,,,,ALT_SHORT,,,,,,,,,0.0,0.7177577662608345,1.0,1.0,0.0,0.0,2.717758,CORR_CAP,CORR_CAP,2026-03-21 17:15:00+00:00
2026-03-16 23:30:00+00:00,,2026-03-16 23:30:00+00:00,PHASE_TREND_DOWN,SHORT,TDP_REENTRY,,2026-03-17 23:15:00+00:00,DOWN,,TDP_REENTRY,SHORT,1.5485,1.5531092857142859,1.5392814285714282,,TDP_TOP,TREND_DOWN,DOWN,0.0123054256556967,0.0161126828590564,PHASE_TREND_DOWN,XRPUSDT,NEUTRAL,,1.0,,,,,ALT_SHORT,,,,,,,,,0.0,0.7177577662608345,1.0,1.0,0.0,0.0,2.717758,CORR_CAP,CORR_CAP,2026-03-21 17:15:00+00:00
2026-03-16 23:45:00+00:00,,2026-03-16 23:45:00+00:00,PHASE_TREND_DOWN,SHORT,TDP_REENTRY,,2026-03-17 23:30:00+00:00,DOWN,,TDP_REENTRY,SHORT,1.542,1.553167142857143,1.5196657142857142,,TDP_TOP,TREND_DOWN,DOWN,0.0123054256556967,0.0161126828590564,PHASE_TREND_DOWN,XRPUSDT,NEUTRAL,,1.0,,,,,ALT_SHORT,,,,,,,,,0.0,0.7177577662608345,1.0,1.0,0.0,0.0,2.717758,CORR_CAP,CORR_CAP,2026-03-21 17:15:00+00:00
2026-03-17 00:00:00+00:00,,2026-03-17 00:00:00+00:00,PHASE_TREND_DOWN,SHORT,TDP_REENTRY,,2026-03-17 23:45:00+00:00,DOWN,,TDP_REENTRY,SHORT,1.5504,1.5550860714285715,1.541027857142857,,TDP_TOP,TREND_DOWN,DOWN,0.0123054256556967,0.0161126828590564,PHASE_TREND_DOWN,XRPUSDT,NEUTRAL,,1.0,,,,,ALT_SHORT,,,,,,,,,0.0,0.7177577662608345,1.0,1.0,0.0,0.0,2.717758,CORR_CAP,CORR_CAP,2026-03-21 17:15:00+00:00
2026-03-17 00:15:00+00:00,,2026-03-17 00:15:00+00:00,PHASE_TREND_DOWN,SHORT,TDP_REENTRY,,2026-03-18 00:00:00+00:00,DOWN,,TDP_REENTRY,SHORT,1.5396,1.5552403571428572,1.5083192857142858,,TDP_TOP,TREND_DOWN,DOWN,0.0123054256556967,0.0161126828590564,PHASE_TREND_DOWN,XRPUSDT,NEUTRAL,,1.0,,,,,ALT_SHORT,,,,,,,,,0.0,0.7177577662608345,1.0,1.0,0.0,0.0,2.717758,CORR_CAP,CORR_CAP,2026-03-21 17:15:00+00:00
2026-03-17 00:30:00+00:00,,2026-03-17 00:30:00+00:00,PHASE_TREND_DOWN,SHORT,TDP_REENTRY,,2026-03-18 00:15:00+00:00,DOWN,,TDP_REENTRY,SHORT,1.5373,1.5552553571428573,1.5013892857142856,,TDP_TOP,TREND_DOWN,DOWN,0.0123054256556967,0.0161126828590564,PHASE_TREND_DOWN,XRPUSDT,NEUTRAL,,1.0,,,,,ALT_SHORT,,,,,,,,,0.0,0.7177577662608345,1.0,1.0,0.0,0.0,2.717758,CORR_CAP,CORR_CAP,2026-03-21 17:15:00+00:00
2026-03-17 01:00:00+00:00,,2026-03-17 01:00:00+00:00,PHASE_TREND_DOWN,SHORT,TDP_REENTRY,,2026-03-18 00:45:00+00:00,DOWN,,TDP_REENTRY,SHORT,1.564,1.5742460714285715,1.543507857142857,,TDP_TOP,TREND_DOWN,DOWN,0.0123054256556967,0.0161126828590564,PHASE_TREND_DOWN,XRPUSDT,NEUTRAL,,1.0,,,,,ALT_SHORT,,,,,,,,,0.0,0.7177577662608345,1.0,1.0,0.0,0.0,2.717758,CORR_CAP,CORR_CAP,2026-03-21 17:15:00+00:00
2026-03-17 01:15:00+00:00,,2026-03-17 01:15:00+00:00,PHASE_TREND_DOWN,SHORT,TDP_REENTRY,,2026-03-18 01:00:00+00:00,DOWN,,TDP_REENTRY,SHORT,1.5733,1.5762425,1.5674149999999998,,TDP_TOP,TREND_DOWN,DOWN,0.0123054256556967,0.0161126828590564,PHASE_TREND_DOWN,XRPUSDT,NEUTRAL,,1.0,,,,,ALT_SHORT,,,,,,,,,0.0,0.7177577662608345,1.0,1.0,0.0,0.0,2.717758,CORR_CAP,CORR_CAP,2026-03-21 17:15:00+00:00
2026-03-17 01:30:00+00:00,,2026-03-17 01:30:00+00:00,PHASE_TREND_DOWN,SHORT,TDP_REENTRY,,2026-03-18 01:15:00+00:00,DOWN,,TDP_REENTRY,SHORT,1.5642,1.5792885714285714,1.5340228571428574,,TDP_TOP,TREND_DOWN,DOWN,0.0123054256556967,0.0161126828590564,PHASE_TREND_DOWN,XRPUSDT,NEUTRAL,,1.0,,,,,ALT_SHORT,,,,,,,,,0.0,0.7177577662608345,1.0,1.0,0.0,0.0,2.717758,CORR_CAP,CORR_CAP,2026-03-21 17:15:00+00:00
2026-03-17 01:45:00+00:00,,2026-03-17 01:45:00+00:00,PHASE_TREND_DOWN,SHORT,TDP_REENTRY,,2026-03-18 01:30:00+00:00,DOWN,,TDP_REENTRY,SHORT,1.57,1.5793089285714286,1.551382142857143,,TDP_TOP,TREND_DOWN,DOWN,0.0123054256556967,0.0161126828590564,PHASE_TREND_DOWN,XRPUSDT,NEUTRAL,,1.0,,,,,ALT_SHORT,,,,,,,,,0.0,0.7177577662608345,1.0,1.0,0.0,0.0,2.717758,CORR_CAP,CORR_CAP,2026-03-21 17:15:00+00:00
2026-03-17 02:00:00+00:00,,2026-03-17 02:00:00+00:00,PHASE_TREND_DOWN,SHORT,TDP_REENTRY,,2026-03-18 01:45:00+00:00,DOWN,,TDP_REENTRY,SHORT,1.5712,1.5798353571428572,1.5539292857142855,,TDP_TOP,TREND_DOWN,DOWN,0.0123054256556967,0.0161126828590564,PHASE_TREND_DOWN,XRPUSDT,NEUTRAL,,1.0,,,,,ALT_SHORT,,,,,,,,,0.0,0.7177577662608345,1.0,1.0,0.0,0.0,2.717758,CORR_CAP,CORR_CAP,2026-03-21 17:15:00+00:00
2026-03-17 02:15:00+00:00,,2026-03-17 02:15:00+00:00,PHASE_TREND_DOWN,SHORT,TDP_REENTRY,,2026-03-18 02:00:00+00:00,DOWN,,TDP_REENTRY,SHORT,1.5671,1.5809867857142856,1.5393264285714285,,TDP_TOP,TREND_DOWN,DOWN,0.0123054256556967,0.0161126828590564,PHASE_TREND_DOWN,XRPUSDT,NEUTRAL,,1.0,,,,,ALT_SHORT,,,,,,,,,0.0,0.7177577662608345,1.0,1.0,0.0,0.0,2.717758,CORR_CAP,CORR_CAP,2026-03-21 17:15:00+00:00
2026-03-17 02:30:00+00:00,,2026-03-17 02:30:00+00:00,PHASE_TREND_DOWN,SHORT,TDP_REENTRY,,2026-03-18 02:15:00+00:00,DOWN,,TDP_REENTRY,SHORT,1.598,1.6014721428571428,1.5910557142857147,,TDP_TOP,TREND_DOWN,DOWN,0.0123054256556967,0.0161126828590564,PHASE_TREND_DOWN,XRPUSDT,NEUTRAL,,1.0,,,,,ALT_SHORT,,,,,,,,,0.0,0.7177577662608345,1.0,1.0,0.0,0.0,2.717758,CORR_CAP,CORR_CAP,2026-03-21 17:15:00+00:00
2026-03-17 02:45:00+00:00,,2026-03-17 02:45:00+00:00,PHASE_TREND_DOWN,SHORT,TDP_REENTRY,,2026-03-18 02:30:00+00:00,DOWN,,TDP_REENTRY,SHORT,1.5932,1.6089535714285714,1.561692857142857,,TDP_TOP,TREND_DOWN,DOWN,0.0123054256556967,0.0161126828590564,PHASE_TREND_DOWN,XRPUSDT,NEUTRAL,,1.0,,,,,ALT_SHORT,,,,,,,,,0.0,0.7177577662608345,1.0,1.0,0.0,0.0,2.717758,CORR_CAP,CORR_CAP,2026-03-21 17:15:00+00:00
2026-03-13 09:00:00+00:00,,2026-03-13 09:00:00+00:00,PHASE_TREND_DOWN,SHORT,TDP_REENTRY,,2026-03-14 08:45:00+00:00,DOWN,,TDP_REENTRY,SHORT,1.4334,1.4351392857142857,1.4299214285714286,,TDP_TOP,TREND_DOWN,DOWN,0.0123054256556967,0.0161126828590564,PHASE_TREND_DOWN,XRPUSDT,NEUTRAL,,1.0,,,,,ALT_SHORT,,,,,,,,,0.0,0.7177577662608345,1.0,1.0,0.0,0.0,2.717758,BUDGET_CAP,BUDGET_CAP,2026-03-21 17:15:00+00:00
2026-03-13 09:15:00+00:00,,2026-03-13 09:15:00+00:00,PHASE_TREND_DOWN,SHORT,TDP_REENTRY,,2026-03-14 09:00:00+00:00,DOWN,,TDP_REENTRY,SHORT,1.4313,1.437539285714286,1.4188214285714282,,TDP_TOP,TREND_DOWN,DOWN,0.0123054256556967,0.0161126828590564,PHASE_TREND_DOWN,XRPUSDT,NEUTRAL,,1.0,,,,,ALT_SHORT,,,,,,,,,0.0,0.7177577662608345,1.0,1.0,0.0,0.0,2.717758,BUDGET_CAP,BUDGET_CAP,2026-03-21 17:15:00+00:00
2026-03-13 09:30:00+00:00,,2026-03-13 09:30:00+00:00,PHASE_TREND_DOWN,SHORT,TDP_REENTRY,,2026-03-14 09:15:00+00:00,DOWN,,TDP_REENTRY,SHORT,1.4294,1.437535,1.41313,,TDP_TOP,TREND_DOWN,DOWN,0.0123054256556967,0.0161126828590564,PHASE_TREND_DOWN,XRPUSDT,NEUTRAL,,1.0,,,,,ALT_SHORT,,,,,,,,,0.0,0.7177577662608345,1.0,1.0,0.0,0.0,2.717758,BUDGET_CAP,BUDGET_CAP,2026-03-21 17:15:00+00:00
2026-03-13 09:45:00+00:00,,2026-03-13 09:45:00+00:00,PHASE_TREND_DOWN,SHORT,TDP_REENTRY,,2026-03-14 09:30:00+00:00,DOWN,,TDP_REENTRY,SHORT,1.4281,1.437475,1.4093499999999997,,TDP_TOP,TREND_DOWN,DOWN,0.0123054256556967,0.0161126828590564,PHASE_TREND_DOWN,XRPUSDT,NEUTRAL,,1.0,,,,,ALT_SHORT,,,,,,,,,0.0,0.7177577662608345,1.0,1.0,0.0,0.0,2.717758,BUDGET_CAP,BUDGET_CAP,2026-03-21 17:15:00+00:00
2026-03-13 10:00:00+00:00,,2026-03-13 10:00:00+00:00,PHASE_TREND_DOWN,SHORT,TDP_REENTRY,,2026-03-14 09:45:00+00:00,DOWN,,TDP_REENTRY,SHORT,1.4309,1.4374857142857145,1.4177285714285712,,TDP_TOP,TREND_DOWN,DOWN,0.0123054256556967,0.0161126828590564,PHASE_TREND_DOWN,XRPUSDT,NEUTRAL,,1.0,,,,,ALT_SHORT,,,,,,,,,0.0,0.7177577662608345,1.0,1.0,0.0,0.0,2.717758,BUDGET_CAP,BUDGET_CAP,2026-03-21 17:15:00+00:00
2026-03-13 10:15:00+00:00,,2026-03-13 10:15:00+00:00,PHASE_TREND_DOWN,SHORT,TDP_REENTRY,,2026-03-14 10:00:00+00:00,DOWN,,TDP_REENTRY,SHORT,1.4301,1.437514642857143,1.4152707142857137,,TDP_TOP,TREND_DOWN,DOWN,0.0123054256556967,0.0161126828590564,PHASE_TREND_DOWN,XRPUSDT,NEUTRAL,,1.0,,,,,ALT_SHORT,,,,,,,,,0.0,0.7177577662608345,1.0,1.0,0.0,0.0,2.717758,BUDGET_CAP,BUDGET_CAP,2026-03-21 17:15:00+00:00
2026-03-13 13:15:00+00:00,,2026-03-13 13:15:00+00:00,PHASE_TREND_DOWN,SHORT,TDP_REENTRY,,2026-03-14 13:00:00+00:00,DOWN,,TDP_REENTRY,SHORT,1.4374,1.4467157142857143,1.4187685714285714,,TDP_TOP,TREND_DOWN,DOWN,0.0123054256556967,0.0161126828590564,PHASE_TREND_DOWN,XRPUSDT,NEUTRAL,,0.25,,,,,ALT_SHORT,,,,,,,,,0.0,0.7177577662608345,1.0,1.0,0.0,0.0,2.717758,BUDGET_CAP,BUDGET_CAP,2026-03-21 17:15:00+00:00
2026-03-13 13:30:00+00:00,,2026-03-13 13:30:00+00:00,PHASE_TREND_DOWN,SHORT,TDP_REENTRY,,2026-03-14 13:15:00+00:00,DOWN,,TDP_REENTRY,SHORT,1.4464,1.4483025,1.4425949999999996,,TDP_TOP,TREND_DOWN,DOWN,0.0123054256556967,0.0161126828590564,PHASE_TREND_DOWN,XRPUSDT,NEUTRAL,,0.25,,,,,ALT_SHORT,,,,,,,,,0.0,0.7177577662608345,1.0,1.0,0.0,0.0,2.717758,BUDGET_CAP,BUDGET_CAP,2026-03-21 17:15:00+00:00
2026-03-13 13:45:00+00:00,,2026-03-13 13:45:00+00:00,PHASE_TREND_DOWN,SHORT,TDP_REENTRY,,2026-03-14 13:30:00+00:00,DOWN,,TDP_REENTRY,SHORT,1.4433,1.4498153571428571,1.4302692857142858,,TDP_TOP,TREND_DOWN,DOWN,0.0123054256556967,0.0161126828590564,PHASE_TREND_DOWN,XRPUSDT,NEUTRAL,,0.25,,,,,ALT_SHORT,,,,,,,,,0.0,0.7177577662608345,1.0,1.0,0.0,0.0,2.717758,BUDGET_CAP,BUDGET_CAP,2026-03-21 17:15:00+00:00
2026-03-13 14:00:00+00:00,,2026-03-13 14:00:00+00:00,PHASE_TREND_DOWN,SHORT,TDP_REENTRY,,2026-03-14 13:45:00+00:00,DOWN,,TDP_REENTRY,SHORT,1.4474,1.4520689285714286,1.438062142857143,,TDP_TOP,TREND_DOWN,DOWN,0.0123054256556967,0.0161126828590564,PHASE_TREND_DOWN,XRPUSDT,NEUTRAL,,0.25,,,,,ALT_SHORT,,,,,,,,,0.0,0.7177577662608345,1.0,1.0,0.0,0.0,2.717758,BUDGET_CAP,BUDGET_CAP,2026-03-21 17:15:00+00:00
2026-03-13 14:15:00+00:00,,2026-03-13 14:15:00+00:00,PHASE_TREND_DOWN,SHORT,TDP_REENTRY,,2026-03-14 14:00:00+00:00,DOWN,,TDP_REENTRY,SHORT,1.4455,1.4535732142857143,1.4293535714285714,,TDP_TOP,TREND_DOWN,DOWN,0.0123054256556967,0.0161126828590564,PHASE_TREND_DOWN,XRPUSDT,NEUTRAL,,0.25,,,,,ALT_SHORT,,,,,,,,,0.0,0.7177577662608345,1.0,1.0,0.0,0.0,2.717758,BUDGET_CAP,BUDGET_CAP,2026-03-21 17:15:00+00:00
2026-03-15 12:45:00+00:00,,2026-03-15 12:45:00+00:00,PHASE_TREND_DOWN,SHORT,TDP_REENTRY,,2026-03-16 12:30:00+00:00,DOWN,,TDP_REENTRY,SHORT,1.4233,1.425065,1.41977,,TDP_TOP,TREND_DOWN,DOWN,0.0123054256556967,0.0161126828590564,PHASE_TREND_DOWN,XRPUSDT,NEUTRAL,,0.25,,,,,ALT_SHORT,,,,,,,,,0.0,0.7177577662608345,1.0,1.0,0.0,0.0,2.717758,BUDGET_CAP,BUDGET_CAP,2026-03-21 17:15:00+00:00
2026-03-15 13:00:00+00:00,,2026-03-15 13:00:00+00:00,PHASE_TREND_DOWN,SHORT,TDP_REENTRY,,2026-03-16 12:45:00+00:00,DOWN,,TDP_REENTRY,SHORT,1.422,1.4302732142857142,1.4054535714285714,,TDP_TOP,TREND_DOWN,DOWN,0.0123054256556967,0.0161126828590564,PHASE_TREND_DOWN,XRPUSDT,NEUTRAL,,0.25,,,,,ALT_SHORT,,,,,,,,,0.0,0.7177577662608345,1.0,1.0,0.0,0.0,2.717758,BUDGET_CAP,BUDGET_CAP,2026-03-21 17:15:00+00:00
2026-03-15 13:15:00+00:00,,2026-03-15 13:15:00+00:00,PHASE_TREND_DOWN,SHORT,TDP_REENTRY,,2026-03-16 13:00:00+00:00,DOWN,,TDP_REENTRY,SHORT,1.4234,1.430375,1.40945,,TDP_TOP,TREND_DOWN,DOWN,0.0123054256556967,0.0161126828590564,PHASE_TREND_DOWN,XRPUSDT,NEUTRAL,,0.25,,,,,ALT_SHORT,,,,,,,,,0.0,0.7177577662608345,1.0,1.0,0.0,0.0,2.717758,BUDGET_CAP,BUDGET_CAP,2026-03-21 17:15:00+00:00
2026-03-15 23:00:00+00:00,,2026-03-15 23:00:00+00:00,PHASE_TREND_DOWN,SHORT,TDP_REENTRY,,2026-03-16 22:45:00+00:00,DOWN,,TDP_REENTRY,SHORT,677.0,679.2478571428571,672.5042857142857,,TDP_TOP,TREND_DOWN,DOWN,0.0123054256556967,0.0161126828590564,PHASE_TREND_DOWN,BNBUSDT,NEUTRAL,,1.0,,,,,ALT_SHORT,,,,,,,,,0.0,0.6960952393925786,1.0,1.0,0.0,0.0,2.696095,CORR_CAP,CORR_CAP,2026-03-21 17:15:00+00:00
2026-03-16 03:30:00+00:00,,2026-03-16 03:30:00+00:00,PHASE_TREND_DOWN,SHORT,TDP_REENTRY,,2026-03-17 03:15:00+00:00,DOWN,,TDP_REENTRY,SHORT,681.5,686.2907142857142,671.9185714285716,,TDP_TOP,TREND_DOWN,DOWN,0.0123054256556967,0.0161126828590564,PHASE_TREND_DOWN,BNBUSDT,NEUTRAL,,1.0,,,,,ALT_SHORT,,,,,,,,,0.0,0.6960952393925786,1.0,1.0,0.0,0.0,2.696095,CORR_CAP,CORR_CAP,2026-03-21 17:15:00+00:00
2026-03-16 03:45:00+00:00,,2026-03-16 03:45:00+00:00,PHASE_TREND_DOWN,SHORT,TDP_REENTRY,,2026-03-17 03:30:00+00:00,DOWN,,TDP_REENTRY,SHORT,680.4,686.2810714285714,668.6378571428571,,TDP_TOP,TREND_DOWN,DOWN,0.0123054256556967,0.0161126828590564,PHASE_TREND_DOWN,BNBUSDT,NEUTRAL,,1.0,,,,,ALT_SHORT,,,,,,,,,0.0,0.6960952393925786,1.0,1.0,0.0,0.0,2.696095,CORR_CAP,CORR_CAP,2026-03-21 17:15:00+00:00
2026-03-16 04:00:00+00:00,,2026-03-16 04:00:00+00:00,PHASE_TREND_DOWN,SHORT,TDP_REENTRY,,2026-03-17 03:45:00+00:00,DOWN,,TDP_REENTRY,SHORT,682.4,686.2842857142857,674.6314285714285,,TDP_TOP,TREND_DOWN,DOWN,0.0123054256556967,0.0161126828590564,PHASE_TREND_DOWN,BNBUSDT,NEUTRAL,,1.0,,,,,ALT_SHORT,,,,,,,,,0.0,0.6960952393925786,1.0,1.0,0.0,0.0,2.696095,CORR_CAP,CORR_CAP,2026-03-21 17:15:00+00:00
2026-03-16 04:15:00+00:00,,2026-03-16 04:15:00+00:00,PHASE_TREND_DOWN,SHORT,TDP_REENTRY,,2026-03-17 04:00:00+00:00,DOWN,,TDP_REENTRY,SHORT,681.7,686.3078571428571,672.484285714286,,TDP_TOP,TREND_DOWN,DOWN,0.0123054256556967,0.0161126828590564,PHASE_TREND_DOWN,BNBUSDT,NEUTRAL,,1.0,,,,,ALT_SHORT,,,,,,,,,0.0,0.6960952393925786,1.0,1.0,0.0,0.0,2.696095,CORR_CAP,CORR_CAP,2026-03-21 17:15:00+00:00
2026-03-16 04:30:00+00:00,,2026-03-16 04:30:00+00:00,PHASE_TREND_DOWN,SHORT,TDP_REENTRY,,2026-03-17 04:15:00+00:00,DOWN,,TDP_REENTRY,SHORT,682.7,686.3067857142856,675.4864285714289,,TDP_TOP,TREND_DOWN,DOWN,0.0123054256556967,0.0161126828590564,PHASE_TREND_DOWN,BNBUSDT,NEUTRAL,,1.0,,,,,ALT_SHORT,,,,,,,,,0.0,0.6960952393925786,1.0,1.0,0.0,0.0,2.696095,CORR_CAP,CORR_CAP,2026-03-21 17:15:00+00:00
2026-03-16 04:45:00+00:00,,2026-03-16 04:45:00+00:00,PHASE_TREND_DOWN,SHORT,TDP_REENTRY,,2026-03-17 04:30:00+00:00,DOWN,,TDP_REENTRY,SHORT,683.1,687.9217857142856,673.4564285714288,,TDP_TOP,TREND_DOWN,DOWN,0.0123054256556967,0.0161126828590564,PHASE_TREND_DOWN,BNBUSDT,NEUTRAL,,1.0,,,,,ALT_SHORT,,,,,,,,,0.0,0.6960952393925786,1.0,1.0,0.0,0.0,2.696095,CORR_CAP,CORR_CAP,2026-03-21 17:15:00+00:00
2026-03-16 05:00:00+00:00,,2026-03-16 05:00:00+00:00,PHASE_TREND_DOWN,SHORT,TDP_REENTRY,,2026-03-17 04:45:00+00:00,DOWN,,TDP_REENTRY,SHORT,683.8,687.9292857142857,675.5414285714285,,TDP_TOP,TREND_DOWN,DOWN,0.0123054256556967,0.0161126828590564,PHASE_TREND_DOWN,BNBUSDT,NEUTRAL,,1.0,,,,,ALT_SHORT,,,,,,,,,0.0,0.6960952393925786,1.0,1.0,0.0,0.0,2.696095,CORR_CAP,CORR_CAP,2026-03-21 17:15:00+00:00
2026-03-16 05:15:00+00:00,,2026-03-16 05:15:00+00:00,PHASE_TREND_DOWN,SHORT,TDP_REENTRY,,2026-03-17 05:00:00+00:00,DOWN,,TDP_REENTRY,SHORT,684.0,687.9067857142857,676.1864285714287,,TDP_TOP,TREND_DOWN,DOWN,0.0123054256556967,0.0161126828590564,PHASE_TREND_DOWN,BNBUSDT,NEUTRAL,,1.0,,,,,ALT_SHORT,,,,,,,,,0.0,0.6960952393925786,1.0,1.0,0.0,0.0,2.696095,CORR_CAP,CORR_CAP,2026-03-21 17:15:00+00:00
2026-03-13 13:00:00+00:00,,2026-03-13 13:00:00+00:00,PHASE_TREND_DOWN,SHORT,TDP_REENTRY,,2026-03-14 12:45:00+00:00,DOWN,,TDP_REENTRY,SHORT,672.3,673.7225,669.4549999999999,,TDP_TOP,TREND_DOWN,DOWN,0.0123054256556967,0.0161126828590564,PHASE_TREND_DOWN,BNBUSDT,NEUTRAL,,1.0,,,,,ALT_SHORT,,,,,,,,,0.0,0.6960952393925786,1.0,1.0,0.0,0.0,2.696095,BUDGET_CAP,BUDGET_CAP,2026-03-21 17:15:00+00:00
2026-03-13 13:15:00+00:00,,2026-03-13 13:15:00+00:00,PHASE_TREND_DOWN,SHORT,TDP_REENTRY,,2026-03-14 13:00:00+00:00,DOWN,,TDP_REENTRY,SHORT,674.2,679.2867857142857,664.0264285714288,,TDP_TOP,TREND_DOWN,DOWN,0.0123054256556967,0.0161126828590564,PHASE_TREND_DOWN,BNBUSDT,NEUTRAL,,1.0,,,,,ALT_SHORT,,,,,,,,,0.0,0.6960952393925786,1.0,1.0,0.0,0.0,2.696095,BUDGET_CAP,BUDGET_CAP,2026-03-21 17:15:00+00:00
2026-03-13 13:30:00+00:00,,2026-03-13 13:30:00+00:00,PHASE_TREND_DOWN,SHORT,TDP_REENTRY,,2026-03-14 13:15:00+00:00,DOWN,,TDP_REENTRY,SHORT,675.6,679.3071428571428,668.1857142857144,,TDP_TOP,TREND_DOWN,DOWN,0.0123054256556967,0.0161126828590564,PHASE_TREND_DOWN,BNBUSDT,NEUTRAL,,1.0,,,,,ALT_SHORT,,,,,,,,,0.0,0.6960952393925786,1.0,1.0,0.0,0.0,2.696095,BUDGET_CAP,BUDGET_CAP,2026-03-21 17:15:00+00:00
2026-03-13 13:45:00+00:00,,2026-03-13 13:45:00+00:00,PHASE_TREND_DOWN,SHORT,TDP_REENTRY,,2026-03-14 13:30:00+00:00,DOWN,,TDP_REENTRY,SHORT,674.1,679.3125,663.6750000000001,,TDP_TOP,TREND_DOWN,DOWN,0.0123054256556967,0.0161126828590564,PHASE_TREND_DOWN,BNBUSDT,NEUTRAL,,1.0,,,,,ALT_SHORT,,,,,,,,,0.0,0.6960952393925786,1.0,1.0,0.0,0.0,2.696095,BUDGET_CAP,BUDGET_CAP,2026-03-21 17:15:00+00:00
2026-03-13 14:00:00+00:00,,2026-03-13 14:00:00+00:00,PHASE_TREND_DOWN,SHORT,TDP_REENTRY,,2026-03-14 13:45:00+00:00,DOWN,,TDP_REENTRY,SHORT,675.4,679.3339285714286,667.5321428571427,,TDP_TOP,TREND_DOWN,DOWN,0.0123054256556967,0.0161126828590564,PHASE_TREND_DOWN,BNBUSDT,NEUTRAL,,1.0,,,,,ALT_SHORT,,,,,,,,,0.0,0.6960952393925786,1.0,1.0,0.0,0.0,2.696095,BUDGET_CAP,BUDGET_CAP,2026-03-21 17:15:00+00:00
2026-03-13 14:15:00+00:00,,2026-03-13 14:15:00+00:00,PHASE_TREND_DOWN,SHORT,TDP_REENTRY,,2026-03-14 14:00:00+00:00,DOWN,,TDP_REENTRY,SHORT,676.7,679.3478571428572,671.4042857142858,,TDP_TOP,TREND_DOWN,DOWN,0.0123054256556967,0.0161126828590564,PHASE_TREND_DOWN,BNBUSDT,NEUTRAL,,1.0,,,,,ALT_SHORT,,,,,,,,,0.0,0.6960952393925786,1.0,1.0,0.0,0.0,2.696095,BUDGET_CAP,BUDGET_CAP,2026-03-21 17:15:00+00:00
2026-03-15 08:45:00+00:00,,2026-03-15 08:45:00+00:00,PHASE_TREND_DOWN,SHORT,TDP_REENTRY,,2026-03-16 08:30:00+00:00,DOWN,,TDP_REENTRY,SHORT,663.8,664.0799999999999,663.24,,TDP_TOP,TREND_DOWN,DOWN,0.0123054256556967,0.0161126828590564,PHASE_TREND_DOWN,BNBUSDT,NEUTRAL,,0.25,,,,,ALT_SHORT,,,,,,,,,0.0,0.6960952393925786,1.0,1.0,0.0,0.0,2.696095,BUDGET_CAP,BUDGET_CAP,2026-03-21 17:15:00+00:00
2026-03-15 09:00:00+00:00,,2026-03-15 09:00:00+00:00,PHASE_TREND_DOWN,SHORT,TDP_REENTRY,,2026-03-16 08:45:00+00:00,DOWN,,TDP_REENTRY,SHORT,665.3,666.4928571428571,662.9142857142856,,TDP_TOP,TREND_DOWN,DOWN,0.0123054256556967,0.0161126828590564,PHASE_TREND_DOWN,BNBUSDT,NEUTRAL,,0.25,,,,,ALT_SHORT,,,,,,,,,0.0,0.6960952393925786,1.0,1.0,0.0,0.0,2.696095,BUDGET_CAP,BUDGET_CAP,2026-03-21 17:15:00+00:00
2026-03-15 09:15:00+00:00,,2026-03-15 09:15:00+00:00,PHASE_TREND_DOWN,SHORT,TDP_REENTRY,,2026-03-16 09:00:00+00:00,DOWN,,TDP_REENTRY,SHORT,663.9,666.5035714285714,658.6928571428572,,TDP_TOP,TREND_DOWN,DOWN,0.0123054256556967,0.0161126828590564,PHASE_TREND_DOWN,BNBUSDT,NEUTRAL,,0.25,,,,,ALT_SHORT,,,,,,,,,0.0,0.6960952393925786,1.0,1.0,0.0,0.0,2.696095,BUDGET_CAP,BUDGET_CAP,2026-03-21 17:15:00+00:00
2026-03-15 09:45:00+00:00,,2026-03-15 09:45:00+00:00,PHASE_TREND_DOWN,SHORT,TDP_REENTRY,,2026-03-16 09:30:00+00:00,DOWN,,TDP_REENTRY,SHORT,663.3,666.5035714285714,656.8928571428571,,TDP_TOP,TREND_DOWN,DOWN,0.0123054256556967,0.0161126828590564,PHASE_TREND_DOWN,BNBUSDT,NEUTRAL,,0.25,,,,,ALT_SHORT,,,,,,,,,0.0,0.6960952393925786,1.0,1.0,0.0,0.0,2.696095,BUDGET_CAP,BUDGET_CAP,2026-03-21 17:15:00+00:00
2026-03-15 21:30:00+00:00,,2026-03-15 21:30:00+00:00,PHASE_TREND_DOWN,SHORT,TDP_REENTRY,,2026-03-16 21:15:00+00:00,DOWN,,TDP_REENTRY,SHORT,667.7,668.7764285714286,665.547142857143,,TDP_TOP,TREND_DOWN,DOWN,0.0123054256556967,0.0161126828590564,PHASE_TREND_DOWN,BNBUSDT,NEUTRAL,,0.25,,,,,ALT_SHORT,,,,,,,,,0.0,0.6960952393925786,1.0,1.0,0.0,0.0,2.696095,BUDGET_CAP,BUDGET_CAP,2026-03-21 17:15:00+00:00
2026-03-15 21:45:00+00:00,,2026-03-15 21:45:00+00:00,PHASE_TREND_DOWN,SHORT,TDP_REENTRY,,2026-03-16 21:30:00+00:00,DOWN,,TDP_REENTRY,SHORT,667.1,669.0925,663.1150000000001,,TDP_TOP,TREND_DOWN,DOWN,0.0123054256556967,0.0161126828590564,PHASE_TREND_DOWN,BNBUSDT,NEUTRAL,,0.25,,,,,ALT_SHORT,,,,,,,,,0.0,0.6960952393925786,1.0,1.0,0.0,0.0,2.696095,BUDGET_CAP,BUDGET_CAP,2026-03-21 17:15:00+00:00
2026-03-15 22:30:00+00:00,,2026-03-15 22:30:00+00:00,PHASE_TREND_DOWN,SHORT,TDP_REENTRY,,2026-03-16 22:15:00+00:00,DOWN,,TDP_REENTRY,SHORT,673.1,674.8728571428571,669.5542857142858,,TDP_TOP,TREND_DOWN,DOWN,0.0123054256556967,0.0161126828590564,PHASE_TREND_DOWN,BNBUSDT,NEUTRAL,,0.25,,,,,ALT_SHORT,,,,,,,,,0.0,0.6960952393925786,1.0,1.0,0.0,0.0,2.696095,BUDGET_CAP,BUDGET_CAP,2026-03-21 17:15:00+00:00
2026-03-15 22:45:00+00:00,,2026-03-15 22:45:00+00:00,PHASE_TREND_DOWN,SHORT,TDP_REENTRY,,2026-03-16 22:30:00+00:00,DOWN,,TDP_REENTRY,SHORT,676.2,679.2210714285713,670.1578571428574,,TDP_TOP,TREND_DOWN,DOWN,0.0123054256556967,0.0161126828590564,PHASE_TREND_DOWN,BNBUSDT,NEUTRAL,,0.25,,,,,ALT_SHORT,,,,,,,,,0.0,0.6960952393925786,1.0,1.0,0.0,0.0,2.696095,BUDGET_CAP,BUDGET_CAP,2026-03-21 17:15:00+00:00
