id,timestamp,status,side,entry,sl,tp,rr,model,ctx_sub_label,regime,trend_dir,trend_strength,atr_pct,phase,meta,outcome,exit_price,exit_timestamp,exit_reason,partial_taken,be_moved,R
1,2025-03-02 16:15:00+00:00,OK,SHORT,88959.4,89716.50749999999,87445.185,2.0,TDP_REENTRY,TDP_TOP,TREND_DOWN,DOWN,0.020993733808555,0.0221715805981408,PHASE_TREND_DOWN,model=TDP_REENTRY TDP_TOP trend continuation tts_context=1,BE,88959.4,2025-03-02 16:15:00,BE_stop,True,True,0.7
2,2025-03-02 16:30:00+00:00,OK,SHORT,91589.9,92007.6925,90754.31499999997,2.0,TDP_REENTRY,TDP_TOP,TREND_DOWN,DOWN,0.020993733808555,0.0221715805981408,PHASE_TREND_DOWN,model=TDP_REENTRY TDP_TOP trend continuation tts_context=1,BE,91589.9,2025-03-02 16:30:00,BE_stop,True,True,0.7
3,2025-03-02 16:45:00+00:00,OK,SHORT,91199.2,92141.325,89314.95,2.0,TDP_REENTRY,TDP_TOP,TREND_DOWN,DOWN,0.020993733808555,0.0221715805981408,PHASE_TREND_DOWN,model=TDP_REENTRY TDP_TOP trend continuation tts_context=1,LOSS,92141.325,2025-03-02 17:15:00,SL,False,False,-1.0
4,2025-03-02 17:00:00+00:00,OK,SHORT,91622.8,92153.18678571428,90562.02642857145,2.0,TDP_REENTRY,TDP_TOP,TREND_DOWN,DOWN,0.020993733808555,0.0221715805981408,PHASE_TREND_DOWN,model=TDP_REENTRY TDP_TOP trend continuation tts_context=1,BE,91622.8,2025-03-02 17:00:00,BE_stop,True,True,0.7
5,2025-03-02 17:15:00+00:00,OK,SHORT,92691.8,93159.56035714285,91756.2792857143,2.0,TDP_REENTRY,TDP_TOP,TREND_DOWN,DOWN,0.020993733808555,0.0221715805981408,PHASE_TREND_DOWN,model=TDP_REENTRY TDP_TOP trend continuation tts_context=1,BE,92691.8,2025-03-02 17:15:00,BE_stop,True,True,0.7
6,2025-03-02 17:30:00+00:00,OK,SHORT,94645.8,94869.53214285715,94198.33571428571,2.0,TDP_REENTRY,TDP_TOP,TREND_DOWN,DOWN,0.020993733808555,0.0221715805981408,PHASE_TREND_DOWN,model=TDP_REENTRY TDP_TOP trend continuation tts_context=1,BE,94645.8,2025-03-02 17:30:00,BE_stop,True,True,0.7
7,2025-03-02 17:45:00+00:00,OK,SHORT,94103.9,95270.74857142857,91770.20285714284,2.0,TDP_REENTRY,TDP_TOP,TREND_DOWN,DOWN,0.020993733808555,0.0221715805981408,PHASE_TREND_DOWN,model=TDP_REENTRY TDP_TOP trend continuation tts_context=1,BE,94103.9,2025-03-02 20:15:00,BE_stop,True,True,0.7
8,2025-03-02 18:00:00+00:00,OK,SHORT,93435.4,95276.98857142856,89752.22285714286,2.0,TDP_REENTRY,TDP_TOP,TREND_DOWN,DOWN,0.020993733808555,0.0221715805981408,PHASE_TREND_DOWN,model=TDP_REENTRY TDP_TOP trend continuation tts_context=1,BE,93435.4,2025-03-03 13:30:00,BE_stop,True,True,0.7
9,2025-03-02 18:15:00+00:00,OK,SHORT,93516.0,95284.07714285715,89979.84571428571,2.0,TDP_REENTRY,TDP_TOP,TREND_DOWN,DOWN,0.020993733808555,0.0221715805981408,PHASE_TREND_DOWN,model=TDP_REENTRY TDP_TOP trend continuation tts_context=1,BE,93516.0,2025-03-03 13:30:00,BE_stop,True,True,0.7
10,2025-03-02 19:15:00+00:00,OK,SHORT,93143.4,95245.94499999999,88938.31,2.0,TDP_REENTRY,TDP_TOP,TREND_DOWN,DOWN,0.020993733808555,0.0221715805981408,PHASE_TREND_DOWN,model=TDP_REENTRY TDP_TOP trend continuation tts_context=1,BE,93143.4,2025-03-03 14:30:00,BE_stop,True,True,0.7
11,2025-03-04 19:00:00+00:00,OK,SHORT,88067.8,88216.875,87769.65000000001,2.0,TDP_REENTRY,TDP_TOP,TREND_DOWN,DOWN,0.0145142383953479,0.0390840699298365,PHASE_TREND_DOWN,model=TDP_REENTRY TDP_TOP trend continuation tts_context=1,BE,88067.8,2025-03-04 19:00:00,BE_stop,True,True,0.7
12,2025-03-04 19:15:00+00:00,OK,SHORT,87727.7,88652.07214285716,85878.95571428568,2.0,TDP_REENTRY,TDP_TOP,TREND_DOWN,DOWN,0.0145142383953479,0.0390840699298365,PHASE_TREND_DOWN,model=TDP_REENTRY TDP_TOP trend continuation tts_context=1,LOSS,88652.07214285716,2025-03-04 20:15:00,SL,False,False,-1.0
13,2025-03-04 19:30:00+00:00,OK,SHORT,87983.3,88648.2342857143,86653.43142857142,2.0,TDP_REENTRY,TDP_TOP,TREND_DOWN,DOWN,0.0145142383953479,0.0390840699298365,PHASE_TREND_DOWN,model=TDP_REENTRY TDP_TOP trend continuation tts_context=1,LOSS,88648.2342857143,2025-03-04 20:15:00,SL,False,False,-1.0
14,2025-03-04 19:45:00+00:00,OK,SHORT,88183.9,88644.12000000001,87263.45999999996,2.0,TDP_REENTRY,TDP_TOP,TREND_DOWN,DOWN,0.0145142383953479,0.0390840699298365,PHASE_TREND_DOWN,model=TDP_REENTRY TDP_TOP trend continuation tts_context=1,LOSS,88644.12000000001,2025-03-04 20:15:00,SL,False,False,-1.0
15,2025-03-04 20:00:00+00:00,OK,SHORT,88242.9,88639.69821428572,87449.30357142855,2.0,TDP_REENTRY,TDP_TOP,TREND_DOWN,DOWN,0.0137835368488355,0.0384248601921971,PHASE_TREND_DOWN,model=TDP_REENTRY TDP_TOP trend continuation tts_context=1,BE,88242.9,2025-03-04 20:00:00,BE_stop,True,True,0.7
16,2025-03-04 20:15:00+00:00,OK,SHORT,88388.6,88950.71107142857,87264.37785714288,2.0,TDP_REENTRY,TDP_TOP,TREND_DOWN,DOWN,0.0137835368488355,0.0384248601921971,PHASE_TREND_DOWN,model=TDP_REENTRY TDP_TOP trend continuation tts_context=1,BE,88388.6,2025-03-04 20:30:00,BE_stop,True,True,0.7
17,2025-03-04 20:30:00+00:00,OK,SHORT,87948.8,88951.76,85942.88000000002,2.0,TDP_REENTRY,TDP_TOP,TREND_DOWN,DOWN,0.0137835368488355,0.0384248601921971,PHASE_TREND_DOWN,model=TDP_REENTRY TDP_TOP trend continuation tts_context=1,BE,87948.8,2025-03-04 20:45:00,BE_stop,True,True,0.7
18,2025-03-14 15:15:00+00:00,OK,SHORT,84920.0,85036.94178571428,84686.11642857143,2.0,TDP_REENTRY,TDP_TOP,TREND_DOWN,DOWN,0.0140989066649211,0.0188889464115605,PHASE_TREND_DOWN,model=TDP_REENTRY TDP_TOP trend continuation tts_context=1,BE,84920.0,2025-03-14 15:15:00,BE_stop,True,True,0.7
19,2025-03-14 15:30:00+00:00,OK,SHORT,85099.9,85375.89642857142,84547.90714285715,2.0,TDP_REENTRY,TDP_TOP,TREND_DOWN,DOWN,0.0140989066649211,0.0188889464115605,PHASE_TREND_DOWN,model=TDP_REENTRY TDP_TOP trend continuation tts_context=1,BE,85099.9,2025-03-14 15:45:00,BE_stop,True,True,0.7
20,2025-03-14 15:45:00+00:00,OK,SHORT,84714.7,85379.92178571428,83384.25642857143,2.0,TDP_REENTRY,TDP_TOP,TREND_DOWN,DOWN,0.0140989066649211,0.0188889464115605,PHASE_TREND_DOWN,model=TDP_REENTRY TDP_TOP trend continuation tts_context=1,BE,84714.7,2025-03-14 16:45:00,BE_stop,True,True,0.7
21,2025-03-14 16:00:00+00:00,OK,SHORT,84517.3,85381.70357142856,82788.49285714289,2.0,TDP_REENTRY,TDP_TOP,TREND_DOWN,DOWN,0.012261785577058,0.018914880670678,PHASE_TREND_DOWN,model=TDP_REENTRY TDP_TOP trend continuation tts_context=1,WIN,82788.49285714289,2025-03-16 11:15:00,TP,True,True,1.3
22,2025-03-14 16:15:00+00:00,OK,SHORT,84400.0,85383.58928571428,82432.82142857145,2.0,TDP_REENTRY,TDP_TOP,TREND_DOWN,DOWN,0.012261785577058,0.018914880670678,PHASE_TREND_DOWN,model=TDP_REENTRY TDP_TOP trend continuation tts_context=1,WIN,82432.82142857145,2025-03-16 11:30:00,TP,True,True,1.3
23,2025-03-14 16:30:00+00:00,OK,SHORT,84476.4,85387.6982142857,82653.80357142858,2.0,TDP_REENTRY,TDP_TOP,TREND_DOWN,DOWN,0.012261785577058,0.018914880670678,PHASE_TREND_DOWN,model=TDP_REENTRY TDP_TOP trend continuation tts_context=1,WIN,82653.80357142858,2025-03-16 11:15:00,TP,True,True,1.3
24,2025-03-14 16:45:00+00:00,OK,SHORT,84770.0,85391.33035714286,83527.33928571429,2.0,TDP_REENTRY,TDP_TOP,TREND_DOWN,DOWN,0.012261785577058,0.018914880670678,PHASE_TREND_DOWN,model=TDP_REENTRY TDP_TOP trend continuation tts_context=1,WIN,83527.33928571429,2025-03-16 11:00:00,TP,True,True,1.3
25,2025-03-14 17:00:00+00:00,OK,SHORT,84540.5,85386.85285714285,82847.7942857143,2.0,TDP_REENTRY,TDP_TOP,TREND_DOWN,DOWN,0.012261785577058,0.018914880670678,PHASE_TREND_DOWN,model=TDP_REENTRY TDP_TOP trend continuation tts_context=1,WIN,82847.7942857143,2025-03-16 11:15:00,TP,True,True,1.3
26,2025-03-14 17:15:00+00:00,OK,SHORT,84368.2,85384.3275,82335.94499999999,2.0,TDP_REENTRY,TDP_TOP,TREND_DOWN,DOWN,0.012261785577058,0.018914880670678,PHASE_TREND_DOWN,model=TDP_REENTRY TDP_TOP trend continuation tts_context=1,WIN,82335.94499999999,2025-03-16 11:30:00,TP,True,True,1.3
27,2025-03-19 13:15:00+00:00,OK,SHORT,83904.2,84351.4807142857,83009.63857142859,2.0,TDP_REENTRY,TDP_TOP,TREND_DOWN,DOWN,0.0025751627478106,0.0128174810267883,PHASE_TREND_DOWN,model=TDP_REENTRY TDP_TOP trend continuation tts_context=1,LOSS,84351.4807142857,2025-03-19 14:00:00,SL,False,False,-1.0
28,2025-03-19 13:45:00+00:00,OK,SHORT,84057.4,84356.21964285713,83459.76071428572,2.0,TDP_REENTRY,TDP_TOP,TREND_DOWN,DOWN,0.0025751627478106,0.0128174810267883,PHASE_TREND_DOWN,model=TDP_REENTRY TDP_TOP trend continuation tts_context=1,LOSS,84356.21964285713,2025-03-19 14:00:00,SL,False,False,-1.0
29,2025-03-19 14:30:00+00:00,OK,SHORT,84161.7,84418.605,83647.89,2.0,TDP_REENTRY,TDP_TOP,TREND_DOWN,DOWN,0.0025751627478106,0.0128174810267883,PHASE_TREND_DOWN,model=TDP_REENTRY TDP_TOP trend continuation tts_context=1,BE,84161.7,2025-03-19 14:30:00,BE_stop,True,True,0.7
30,2025-03-19 14:45:00+00:00,OK,SHORT,84273.8,84417.85392857144,83985.69214285714,2.0,TDP_REENTRY,TDP_TOP,TREND_DOWN,DOWN,0.0025751627478106,0.0128174810267883,PHASE_TREND_DOWN,model=TDP_REENTRY TDP_TOP trend continuation tts_context=1,BE,84273.8,2025-03-19 14:45:00,BE_stop,True,True,0.7
31,2025-03-19 15:00:00+00:00,OK,SHORT,84176.7,84513.4,83503.3,2.0,TDP_REENTRY,TDP_TOP,TREND_DOWN,DOWN,0.0025751627478106,0.0128174810267883,PHASE_TREND_DOWN,model=TDP_REENTRY TDP_TOP trend continuation tts_context=1,LOSS,84513.4,2025-03-19 15:30:00,SL,False,False,-1.0
32,2025-03-19 15:30:00+00:00,OK,SHORT,84669.4,84750.05178571428,84508.09642857141,2.0,TDP_REENTRY,TDP_TOP,TREND_DOWN,DOWN,0.0025751627478106,0.0128174810267883,PHASE_TREND_DOWN,model=TDP_REENTRY TDP_TOP trend continuation tts_context=1,BE,84669.4,2025-03-19 15:30:00,BE_stop,True,True,0.7
33,2025-03-19 15:45:00+00:00,OK,SHORT,84694.6,84900.92714285714,84281.94571428574,2.0,TDP_REENTRY,TDP_TOP,TREND_DOWN,DOWN,0.0025751627478106,0.0128174810267883,PHASE_TREND_DOWN,model=TDP_REENTRY TDP_TOP trend continuation tts_context=1,BE,84694.6,2025-03-19 16:00:00,BE_stop,True,True,0.7
34,2025-03-19 16:00:00+00:00,OK,SHORT,84481.9,84901.52178571429,83642.65642857141,2.0,TDP_REENTRY,TDP_TOP,VOLATILE,DOWN,0.0010684131961721,0.0142424754366538,PHASE_TREND_DOWN,model=TDP_REENTRY TDP_TOP trend continuation tts_context=1,BE,84481.9,2025-03-19 18:00:00,BE_stop,True,True,0.7
35,2025-03-19 16:15:00+00:00,OK,SHORT,84640.7,84903.09142857142,84115.91714285714,2.0,TDP_REENTRY,TDP_TOP,VOLATILE,DOWN,0.0010684131961721,0.0142424754366538,PHASE_TREND_DOWN,model=TDP_REENTRY TDP_TOP trend continuation tts_context=1,WIN,84115.91714285714,2025-03-19 17:30:00,TP,True,True,1.3
36,2025-03-19 16:45:00+00:00,OK,SHORT,84542.9,84899.48178571429,83829.7364285714,2.0,TDP_REENTRY,TDP_TOP,VOLATILE,DOWN,0.0010684131961721,0.0142424754366538,PHASE_TREND_DOWN,model=TDP_REENTRY TDP_TOP trend continuation tts_context=1,WIN,83829.7364285714,2025-03-19 17:45:00,TP,True,True,1.3
37,2025-03-19 17:00:00+00:00,OK,SHORT,84510.1,84897.97642857143,83734.34714285715,2.0,TDP_REENTRY,TDP_TOP,VOLATILE,DOWN,0.0010684131961721,0.0142424754366538,PHASE_TREND_DOWN,model=TDP_REENTRY TDP_TOP trend continuation tts_context=1,WIN,83734.34714285715,2025-03-19 17:45:00,TP,True,True,1.3
38,2025-03-19 18:45:00+00:00,OK,SHORT,85571.7,85928.36071428572,84858.37857142855,2.0,TDP_REENTRY,TDP_TOP,VOLATILE,DOWN,0.0010684131961721,0.0142424754366538,PHASE_TREND_DOWN,model=TDP_REENTRY TDP_TOP trend continuation tts_context=1,BE,85571.7,2025-03-19 18:45:00,BE_stop,True,True,0.7
39,2025-03-19 19:00:00+00:00,OK,SHORT,85665.6,86012.13142857143,84972.53714285715,2.0,TDP_REENTRY,TDP_TOP,VOLATILE,DOWN,0.0010684131961721,0.0142424754366538,PHASE_TREND_DOWN,model=TDP_REENTRY TDP_TOP trend continuation tts_context=1,BE,85665.6,2025-03-19 19:00:00,BE_stop,True,True,0.7
40,2025-03-19 19:30:00+00:00,OK,SHORT,85430.8,86018.88892857144,84254.62214285713,2.0,TDP_REENTRY,TDP_TOP,VOLATILE,DOWN,0.0010684131961721,0.0142424754366538,PHASE_TREND_DOWN,model=TDP_REENTRY TDP_TOP trend continuation tts_context=1,EXIT,85569.3,2025-03-19 20:00:00,HTF_FLIP_4H,False,False,-0.235509
41,2025-03-19 19:45:00+00:00,OK,SHORT,85406.0,86018.70035714286,84180.59928571427,2.0,TDP_REENTRY,TDP_TOP,VOLATILE,DOWN,0.0010684131961721,0.0142424754366538,PHASE_TREND_DOWN,model=TDP_REENTRY TDP_TOP trend continuation tts_context=1,EXIT,85569.3,2025-03-19 20:00:00,HTF_FLIP_4H,False,False,-0.266525
42,2025-03-31 14:00:00+00:00,OK,SHORT,83281.1,83457.27428571429,82928.75142857144,2.0,TDP_REENTRY,TDP_TOP,TREND_DOWN,DOWN,0.0125972314629742,0.0125789735739866,PHASE_TREND_DOWN,model=TDP_REENTRY TDP_TOP trend continuation tts_context=1,BE,83281.1,2025-03-31 14:00:00,BE_stop,True,True,0.7
43,2025-03-31 14:30:00+00:00,OK,SHORT,83132.0,83629.24285714286,82137.51428571428,2.0,TDP_REENTRY,TDP_TOP,TREND_DOWN,DOWN,0.0125972314629742,0.0125789735739866,PHASE_TREND_DOWN,model=TDP_REENTRY TDP_TOP trend continuation tts_context=1,LOSS,83629.24285714286,2025-03-31 14:45:00,SL,False,False,-1.0
44,2025-03-31 14:45:00+00:00,OK,SHORT,83451.0,83817.94285714286,82717.11428571428,2.0,TDP_REENTRY,TDP_TOP,TREND_DOWN,DOWN,0.0125972314629742,0.0125789735739866,PHASE_TREND_DOWN,model=TDP_REENTRY TDP_TOP trend continuation tts_context=1,LOSS,83817.94285714286,2025-03-31 15:15:00,SL,False,False,-1.0
45,2025-03-31 15:00:00+00:00,OK,SHORT,83402.3,83885.60821428572,82435.68357142857,2.0,TDP_REENTRY,TDP_TOP,TREND_DOWN,DOWN,0.0125972314629742,0.0125789735739866,PHASE_TREND_DOWN,model=TDP_REENTRY TDP_TOP trend continuation tts_context=1,LOSS,83885.60821428572,2025-03-31 15:15:00,SL,False,False,-1.0
46,2025-03-31 15:15:00+00:00,OK,SHORT,83604.4,83984.08964285714,82845.0207142857,2.0,TDP_REENTRY,TDP_TOP,TREND_DOWN,DOWN,0.0125972314629742,0.0125789735739866,PHASE_TREND_DOWN,model=TDP_REENTRY TDP_TOP trend continuation tts_context=1,BE,83604.4,2025-03-31 16:00:00,BE_stop,True,True,0.7
47,2025-03-31 15:30:00+00:00,OK,SHORT,83458.9,83984.55464285714,82407.5907142857,2.0,TDP_REENTRY,TDP_TOP,TREND_DOWN,DOWN,0.0125972314629742,0.0125789735739866,PHASE_TREND_DOWN,model=TDP_REENTRY TDP_TOP trend continuation tts_context=1,BE,83458.9,2025-03-31 18:30:00,BE_stop,True,True,0.7
48,2025-03-31 15:45:00+00:00,OK,SHORT,83377.8,83985.62607142857,82162.14785714286,2.0,TDP_REENTRY,TDP_TOP,TREND_DOWN,DOWN,0.0125972314629742,0.0125789735739866,PHASE_TREND_DOWN,model=TDP_REENTRY TDP_TOP trend continuation tts_context=1,BE,83377.8,2025-03-31 18:30:00,BE_stop,True,True,0.7
49,2025-04-01 08:30:00+00:00,OK,SHORT,83945.3,84176.2025,83483.49500000001,2.0,TDP_REENTRY,TDP_TOP,TREND_DOWN,DOWN,0.0105488891107569,0.0117531267826279,PHASE_TREND_DOWN,model=TDP_REENTRY TDP_TOP trend continuation tts_context=1,LOSS,84176.2025,2025-04-01 09:00:00,SL,False,False,-1.0
50,2025-04-01 15:00:00+00:00,OK,SHORT,84869.8,84954.82535714285,84699.74928571431,2.0,TDP_REENTRY,TDP_TOP,TREND_DOWN,DOWN,0.0086306589235236,0.0136532048596564,PHASE_TREND_DOWN,model=TDP_REENTRY TDP_TOP trend continuation tts_context=1,BE,84869.8,2025-04-01 15:00:00,BE_stop,True,True,0.7
51,2025-04-01 15:15:00+00:00,OK,SHORT,84702.6,85256.885,83594.03000000003,2.0,TDP_REENTRY,TDP_TOP,TREND_DOWN,DOWN,0.0086306589235236,0.0136532048596564,PHASE_TREND_DOWN,model=TDP_REENTRY TDP_TOP trend continuation tts_context=1,LOSS,85256.885,2025-04-01 15:30:00,SL,False,False,-1.0
52,2025-04-01 15:30:00+00:00,OK,SHORT,85289.3,85366.46857142857,85134.96285714286,2.0,TDP_REENTRY,TDP_TOP,TREND_DOWN,DOWN,0.0086306589235236,0.0136532048596564,PHASE_TREND_DOWN,model=TDP_REENTRY TDP_TOP trend continuation tts_context=1,BE,85289.3,2025-04-01 15:30:00,BE_stop,True,True,0.7
53,2025-04-01 15:45:00+00:00,OK,SHORT,85250.0,85545.99250000001,84658.01499999998,2.0,TDP_REENTRY,TDP_TOP,TREND_DOWN,DOWN,0.0086306589235236,0.0136532048596564,PHASE_TREND_DOWN,model=TDP_REENTRY TDP_TOP trend continuation tts_context=1,BE,85250.0,2025-04-01 17:45:00,BE_stop,True,True,0.7
54,2025-04-01 16:00:00+00:00,OK,SHORT,85135.9,85546.21321428572,84315.27357142855,2.0,TDP_REENTRY,TDP_TOP,TREND_DOWN,DOWN,0.0073302541417153,0.0138821215906276,PHASE_TREND_DOWN,model=TDP_REENTRY TDP_TOP trend continuation tts_context=1,BE,85135.9,2025-04-01 20:45:00,BE_stop,True,True,0.7
55,2025-04-01 16:15:00+00:00,OK,SHORT,84880.0,85548.59071428572,83542.81857142856,2.0,TDP_REENTRY,TDP_TOP,TREND_DOWN,DOWN,0.0073302541417153,0.0138821215906276,PHASE_TREND_DOWN,model=TDP_REENTRY TDP_TOP trend continuation tts_context=1,LOSS,85548.59071428572,2025-04-01 23:30:00,SL,False,False,-1.0
56,2025-04-01 16:30:00+00:00,OK,SHORT,84898.9,85549.56357142857,83597.57285714283,2.0,TDP_REENTRY,TDP_TOP,TREND_DOWN,DOWN,0.0073302541417153,0.0138821215906276,PHASE_TREND_DOWN,model=TDP_REENTRY TDP_TOP trend continuation tts_context=1,LOSS,85549.56357142857,2025-04-01 23:30:00,SL,False,False,-1.0
57,2025-04-01 16:45:00+00:00,OK,SHORT,85070.1,85551.99035714286,84106.3192857143,2.0,TDP_REENTRY,TDP_TOP,TREND_DOWN,DOWN,0.0073302541417153,0.0138821215906276,PHASE_TREND_DOWN,model=TDP_REENTRY TDP_TOP trend continuation tts_context=1,LOSS,85551.99035714286,2025-04-01 23:30:00,SL,False,False,-1.0
58,2025-04-01 17:00:00+00:00,OK,SHORT,85093.3,85550.15071428572,84179.59857142858,2.0,TDP_REENTRY,TDP_TOP,TREND_DOWN,DOWN,0.0073302541417153,0.0138821215906276,PHASE_TREND_DOWN,model=TDP_REENTRY TDP_TOP trend continuation tts_context=1,LOSS,85550.15071428572,2025-04-01 23:30:00,SL,False,False,-1.0
59,2025-04-02 20:00:00+00:00,OK,SHORT,87711.3,88251.44928571429,86631.00142857143,2.0,TDP_REENTRY,TDP_TOP,VOLATILE,DOWN,0.0014485337181534,0.0192519462503856,PHASE_TREND_DOWN,model=TDP_REENTRY TDP_TOP trend continuation tts_context=1,BE,87711.3,2025-04-02 20:00:00,BE_stop,True,True,0.7
60,2025-04-04 07:15:00+00:00,OK,SHORT,83562.5,83711.04178571429,83265.41642857142,2.0,TDP_REENTRY,TDP_TOP,TREND_DOWN,DOWN,0.0050735843078323,0.0196152400777182,PHASE_TREND_DOWN,model=TDP_REENTRY TDP_TOP trend continuation tts_context=1,BE,83562.5,2025-04-04 07:15:00,BE_stop,True,True,0.7
61,2025-04-04 07:30:00+00:00,OK,SHORT,83679.9,83725.8925,83587.91499999998,2.0,TDP_REENTRY,TDP_TOP,TREND_DOWN,DOWN,0.0050735843078323,0.0196152400777182,PHASE_TREND_DOWN,model=TDP_REENTRY TDP_TOP trend continuation tts_context=1,BE,83679.9,2025-04-04 07:30:00,BE_stop,True,True,0.7
62,2025-04-04 07:45:00+00:00,OK,SHORT,83973.7,84031.42428571428,83858.25142857143,2.0,TDP_REENTRY,TDP_TOP,TREND_DOWN,DOWN,0.0050735843078323,0.0196152400777182,PHASE_TREND_DOWN,model=TDP_REENTRY TDP_TOP trend continuation tts_context=1,BE,83973.7,2025-04-04 07:45:00,BE_stop,True,True,0.7
63,2025-04-04 08:00:00+00:00,OK,SHORT,84232.9,84333.78607142856,84031.12785714286,2.0,TDP_REENTRY,TDP_TOP,TREND_DOWN,DOWN,0.0055875913421371,0.0219774234327981,PHASE_TREND_DOWN,model=TDP_REENTRY TDP_TOP trend continuation tts_context=1,BE,84232.9,2025-04-04 08:00:00,BE_stop,True,True,0.7
64,2025-04-04 09:00:00+00:00,OK,SHORT,84373.2,84675.24178571429,83769.11642857142,2.0,TDP_REENTRY,TDP_TOP,TREND_DOWN,DOWN,0.0055875913421371,0.0219774234327981,PHASE_TREND_DOWN,model=TDP_REENTRY TDP_TOP trend continuation tts_context=1,LOSS,84675.24178571429,2025-04-04 09:45:00,SL,False,False,-1.0
65,2025-04-04 09:15:00+00:00,OK,SHORT,84300.3,84676.52535714285,83547.84928571431,2.0,TDP_REENTRY,TDP_TOP,TREND_DOWN,DOWN,0.0055875913421371,0.0219774234327981,PHASE_TREND_DOWN,model=TDP_REENTRY TDP_TOP trend continuation tts_context=1,LOSS,84676.52535714285,2025-04-04 09:45:00,SL,False,False,-1.0
66,2025-04-04 09:30:00+00:00,OK,SHORT,84488.5,84678.91571428571,84107.66857142857,2.0,TDP_REENTRY,TDP_TOP,TREND_DOWN,DOWN,0.0055875913421371,0.0219774234327981,PHASE_TREND_DOWN,model=TDP_REENTRY TDP_TOP trend continuation tts_context=1,BE,84488.5,2025-04-04 09:30:00,BE_stop,True,True,0.7
67,2025-04-04 09:45:00+00:00,OK,SHORT,84553.0,84779.50964285714,84099.98071428572,2.0,TDP_REENTRY,TDP_TOP,TREND_DOWN,DOWN,0.0055875913421371,0.0219774234327981,PHASE_TREND_DOWN,model=TDP_REENTRY TDP_TOP trend continuation tts_context=1,BE,84553.0,2025-04-04 10:00:00,BE_stop,True,True,0.7
68,2025-04-09 17:00:00+00:00,OK,SHORT,78487.7,78885.80428571429,77691.49142857142,2.0,TDP_REENTRY,TDP_TOP,TREND_DOWN,DOWN,0.0221423180473313,0.0305559885720674,PHASE_TREND_DOWN,model=TDP_REENTRY TDP_TOP trend continuation tts_context=1,LOSS,78885.80428571429,2025-04-09 17:15:00,SL_before_partial,False,False,-1.0
69,2025-04-09 17:15:00+00:00,OK,SHORT,80807.8,81399.02892857142,79625.34214285716,2.0,TDP_REENTRY,TDP_TOP,TREND_DOWN,DOWN,0.0221423180473313,0.0305559885720674,PHASE_TREND_DOWN,model=TDP_REENTRY TDP_TOP trend continuation tts_context=1,BE,80807.8,2025-04-09 17:15:00,BE_stop,True,True,0.7
70,2025-04-09 17:30:00+00:00,OK,SHORT,80949.6,81986.07178571429,78876.65642857144,2.0,TDP_REENTRY,TDP_TOP,TREND_DOWN,DOWN,0.0221423180473313,0.0305559885720674,PHASE_TREND_DOWN,model=TDP_REENTRY TDP_TOP trend continuation tts_context=1,LOSS,81986.07178571429,2025-04-09 17:45:00,SL,False,False,-1.0
71,2025-04-09 17:45:00+00:00,OK,SHORT,82160.8,82413.77892857144,81654.84214285713,2.0,TDP_REENTRY,TDP_TOP,TREND_DOWN,DOWN,0.0221423180473313,0.0305559885720674,PHASE_TREND_DOWN,model=TDP_REENTRY TDP_TOP trend continuation tts_context=1,BE,82160.8,2025-04-09 17:45:00,BE_stop,True,True,0.7
72,2025-04-09 18:00:00+00:00,OK,SHORT,82273.4,82589.74214285714,81640.7157142857,2.0,TDP_REENTRY,TDP_TOP,TREND_DOWN,DOWN,0.0221423180473313,0.0305559885720674,PHASE_TREND_DOWN,model=TDP_REENTRY TDP_TOP trend continuation tts_context=1,BE,82273.4,2025-04-09 18:00:00,BE_stop,True,True,0.7
73,2025-04-09 18:15:00+00:00,OK,SHORT,82534.8,83108.38821428572,81387.62357142857,2.0,TDP_REENTRY,TDP_TOP,TREND_DOWN,DOWN,0.0221423180473313,0.0305559885720674,PHASE_TREND_DOWN,model=TDP_REENTRY TDP_TOP trend continuation tts_context=1,BE,82534.8,2025-04-09 19:15:00,BE_stop,True,True,0.7
74,2025-04-09 18:30:00+00:00,OK,SHORT,82046.8,83109.33964285714,79921.72071428572,2.0,TDP_REENTRY,TDP_TOP,TREND_DOWN,DOWN,0.0221423180473313,0.0305559885720674,PHASE_TREND_DOWN,model=TDP_REENTRY TDP_TOP trend continuation tts_context=1,LOSS,83109.33964285714,2025-04-09 20:45:00,SL,False,False,-1.0
75,2025-04-09 18:45:00+00:00,OK,SHORT,81750.0,83112.13392857142,79025.73214285716,2.0,TDP_REENTRY,TDP_TOP,TREND_DOWN,DOWN,0.0221423180473313,0.0305559885720674,PHASE_TREND_DOWN,model=TDP_REENTRY TDP_TOP trend continuation tts_context=1,LOSS,83112.13392857142,2025-04-09 20:45:00,SL,False,False,-1.0
76,2025-04-09 19:00:00+00:00,OK,SHORT,82256.4,83111.87357142857,80545.45285714284,2.0,TDP_REENTRY,TDP_TOP,TREND_DOWN,DOWN,0.0221423180473313,0.0305559885720674,PHASE_TREND_DOWN,model=TDP_REENTRY TDP_TOP trend continuation tts_context=1,LOSS,83111.87357142857,2025-04-09 20:45:00,SL,False,False,-1.0
77,2025-04-09 19:15:00+00:00,OK,SHORT,82349.9,83112.23035714285,80825.23928571428,2.0,TDP_REENTRY,TDP_TOP,TREND_DOWN,DOWN,0.0221423180473313,0.0305559885720674,PHASE_TREND_DOWN,model=TDP_REENTRY TDP_TOP trend continuation tts_context=1,LOSS,83112.23035714285,2025-04-09 20:45:00,SL,False,False,-1.0
78,2025-04-09 19:30:00+00:00,OK,SHORT,82278.3,83107.94035714286,80619.0192857143,2.0,TDP_REENTRY,TDP_TOP,TREND_DOWN,DOWN,0.0221423180473313,0.0305559885720674,PHASE_TREND_DOWN,model=TDP_REENTRY TDP_TOP trend continuation tts_context=1,LOSS,83107.94035714286,2025-04-09 20:45:00,SL,False,False,-1.0
79,2025-04-09 19:45:00+00:00,OK,SHORT,82294.6,83108.65607142857,80666.48785714287,2.0,TDP_REENTRY,TDP_TOP,TREND_DOWN,DOWN,0.0221423180473313,0.0305559885720674,PHASE_TREND_DOWN,model=TDP_REENTRY TDP_TOP trend continuation tts_context=1,LOSS,83108.65607142857,2025-04-09 20:45:00,SL,False,False,-1.0
80,2025-04-09 20:00:00+00:00,OK,SHORT,82125.3,83108.23071428572,80159.43857142857,2.0,TDP_REENTRY,TDP_TOP,TREND_DOWN,DOWN,0.0186321838972069,0.0270817301796587,PHASE_TREND_DOWN,model=TDP_REENTRY TDP_TOP trend continuation tts_context=1,LOSS,83108.23071428572,2025-04-09 20:45:00,SL,False,False,-1.0
81,2025-04-11 09:30:00+00:00,OK,SHORT,82172.9,82357.21892857143,81804.26214285713,2.0,TDP_REENTRY,TDP_TOP,TREND_DOWN,DOWN,0.0071824613943967,0.0254373281693603,PHASE_TREND_DOWN,model=TDP_REENTRY TDP_TOP trend continuation tts_context=1,LOSS,82357.21892857143,2025-04-11 09:45:00,SL,False,False,-1.0
82,2025-04-11 09:45:00+00:00,OK,SHORT,82400.0,82459.37857142858,82281.24285714285,2.0,TDP_REENTRY,TDP_TOP,TREND_DOWN,DOWN,0.0071824613943967,0.0254373281693603,PHASE_TREND_DOWN,model=TDP_REENTRY TDP_TOP trend continuation tts_context=1,BE,82400.0,2025-04-11 09:45:00,BE_stop,True,True,0.7
83,2025-04-11 10:00:00+00:00,OK,SHORT,82337.0,82559.61,81891.78,2.0,TDP_REENTRY,TDP_TOP,TREND_DOWN,DOWN,0.0071824613943967,0.0254373281693603,PHASE_TREND_DOWN,model=TDP_REENTRY TDP_TOP trend continuation tts_context=1,LOSS,82559.61,2025-04-11 10:15:00,SL,False,False,-1.0
84,2025-04-11 10:15:00+00:00,OK,SHORT,82706.4,82861.78714285714,82395.6257142857,2.0,TDP_REENTRY,TDP_TOP,TREND_DOWN,DOWN,0.0071824613943967,0.0254373281693603,PHASE_TREND_DOWN,model=TDP_REENTRY TDP_TOP trend continuation tts_context=1,BE,82706.4,2025-04-11 10:15:00,BE_stop,True,True,0.7
85,2025-04-11 10:30:00+00:00,OK,SHORT,82606.0,83012.94,81792.12,2.0,TDP_REENTRY,TDP_TOP,TREND_DOWN,DOWN,0.0071824613943967,0.0254373281693603,PHASE_TREND_DOWN,model=TDP_REENTRY TDP_TOP trend continuation tts_context=1,WIN,81792.12,2025-04-11 13:15:00,TP,True,True,1.3
86,2025-04-11 10:45:00+00:00,OK,SHORT,82686.8,83012.16428571429,82036.07142857143,2.0,TDP_REENTRY,TDP_TOP,TREND_DOWN,DOWN,0.0071824613943967,0.0254373281693603,PHASE_TREND_DOWN,model=TDP_REENTRY TDP_TOP trend continuation tts_context=1,WIN,82036.07142857143,2025-04-11 11:45:00,TP,True,True,1.3
87,2025-04-11 11:00:00+00:00,OK,SHORT,82598.2,83010.26142857142,81774.07714285715,2.0,TDP_REENTRY,TDP_TOP,TREND_DOWN,DOWN,0.0071824613943967,0.0254373281693603,PHASE_TREND_DOWN,model=TDP_REENTRY TDP_TOP trend continuation tts_context=1,BE,82598.2,2025-04-11 13:30:00,BE_stop,True,True,0.7
88,2025-04-11 11:15:00+00:00,OK,SHORT,82332.1,83011.60607142857,80973.08785714288,2.0,TDP_REENTRY,TDP_TOP,TREND_DOWN,DOWN,0.0071824613943967,0.0254373281693603,PHASE_TREND_DOWN,model=TDP_REENTRY TDP_TOP trend continuation tts_context=1,LOSS,83011.60607142857,2025-04-11 13:30:00,SL,False,False,-1.0
89,2025-04-11 17:30:00+00:00,OK,SHORT,83914.2,84099.92499999999,83542.75000000001,2.0,TDP_REENTRY,TDP_TOP,TREND_DOWN,DOWN,0.0026795630801244,0.024202485860609,PHASE_TREND_DOWN,model=TDP_REENTRY TDP_TOP trend continuation tts_context=1,BE,83914.2,2025-04-11 17:30:00,BE_stop,True,True,0.7
90,2025-04-11 17:45:00+00:00,OK,SHORT,83906.0,84106.82464285714,83504.35071428571,2.0,TDP_REENTRY,TDP_TOP,TREND_DOWN,DOWN,0.0026795630801244,0.024202485860609,PHASE_TREND_DOWN,model=TDP_REENTRY TDP_TOP trend continuation tts_context=1,BE,83906.0,2025-04-11 17:45:00,BE_stop,True,True,0.7
91,2025-04-11 18:00:00+00:00,OK,SHORT,83955.8,84261.28035714285,83344.8392857143,2.0,TDP_REENTRY,TDP_TOP,TREND_DOWN,DOWN,0.0026795630801244,0.024202485860609,PHASE_TREND_DOWN,model=TDP_REENTRY TDP_TOP trend continuation tts_context=1,BE,83955.8,2025-04-11 18:15:00,BE_stop,True,True,0.7
92,2025-04-11 18:15:00+00:00,OK,SHORT,83997.1,84260.89892857142,83469.50214285718,2.0,TDP_REENTRY,TDP_TOP,TREND_DOWN,DOWN,0.0026795630801244,0.024202485860609,PHASE_TREND_DOWN,model=TDP_REENTRY TDP_TOP trend continuation tts_context=1,BE,83997.1,2025-04-11 18:15:00,BE_stop,True,True,0.7
93,2025-04-11 18:30:00+00:00,OK,SHORT,83855.0,84257.36642857142,83050.26714285716,2.0,TDP_REENTRY,TDP_TOP,TREND_DOWN,DOWN,0.0026795630801244,0.024202485860609,PHASE_TREND_DOWN,model=TDP_REENTRY TDP_TOP trend continuation tts_context=1,LOSS,84257.36642857142,2025-04-11 21:15:00,SL,False,False,-1.0
94,2025-04-11 18:45:00+00:00,OK,SHORT,83573.7,84257.24107142857,82206.61785714286,2.0,TDP_REENTRY,TDP_TOP,TREND_DOWN,DOWN,0.0026795630801244,0.024202485860609,PHASE_TREND_DOWN,model=TDP_REENTRY TDP_TOP trend continuation tts_context=1,LOSS,84257.24107142857,2025-04-11 21:15:00,SL,False,False,-1.0
95,2025-04-11 19:00:00+00:00,OK,SHORT,83860.6,84255.1057142857,83071.58857142861,2.0,TDP_REENTRY,TDP_TOP,TREND_DOWN,DOWN,0.0026795630801244,0.024202485860609,PHASE_TREND_DOWN,model=TDP_REENTRY TDP_TOP trend continuation tts_context=1,LOSS,84255.1057142857,2025-04-11 21:15:00,SL,False,False,-1.0
96,2025-04-11 19:15:00+00:00,OK,SHORT,83729.5,84255.2,82678.1,2.0,TDP_REENTRY,TDP_TOP,TREND_DOWN,DOWN,0.0026795630801244,0.024202485860609,PHASE_TREND_DOWN,model=TDP_REENTRY TDP_TOP trend continuation tts_context=1,LOSS,84255.2,2025-04-11 21:15:00,SL,False,False,-1.0
97,2025-02-11 18:30:00+00:00,OK,LONG,95675.1,94775.90678571428,97473.48642857146,2.0,TDP_REENTRY,TDP_BOT,VOLATILE,UP,0.0001132441060871,0.0120526159296124,PHASE_TREND_UP,model=TDP_REENTRY TDP_BOT sweep->reclaim tts_context=1,EXIT,95154.3,2025-02-11 20:00:00,HTF_FLIP_4H,False,False,-0.579186
98,2025-02-11 19:00:00+00:00,OK,LONG,95363.3,94775.50285714286,96538.8942857143,2.0,TDP_REENTRY,TDP_BOT,VOLATILE,UP,0.0001132441060871,0.0120526159296124,PHASE_TREND_UP,model=TDP_REENTRY TDP_BOT sweep->reclaim tts_context=1,EXIT,95154.3,2025-02-11 20:00:00,HTF_FLIP_4H,False,False,-0.355565
99,2025-02-11 19:00:00+00:00,OK,LONG,95363.3,94775.50285714286,96538.8942857143,2.0,TDP_REENTRY,TDP_BOT,VOLATILE,UP,0.0001132441060871,0.0120526159296124,PHASE_TREND_UP,model=TDP_REENTRY TDP_BOT sweep->reclaim tts_context=1,EXIT,95154.3,2025-02-11 20:00:00,HTF_FLIP_4H,False,False,-0.355565
100,2025-02-11 19:30:00+00:00,OK,LONG,95010.2,94771.68,95487.24,2.0,TDP_REENTRY,TDP_BOT,VOLATILE,UP,0.0001132441060871,0.0120526159296124,PHASE_TREND_UP,model=TDP_REENTRY TDP_BOT sweep->reclaim tts_context=1,BE,95010.2,2025-02-11 19:45:00,BE_stop,True,True,0.7
101,2025-02-11 19:30:00+00:00,OK,LONG,95010.2,94771.68,95487.24,2.0,TDP_REENTRY,TDP_BOT,VOLATILE,UP,0.0001132441060871,0.0120526159296124,PHASE_TREND_UP,model=TDP_REENTRY TDP_BOT sweep->reclaim tts_context=1,BE,95010.2,2025-02-11 19:45:00,BE_stop,True,True,0.7
102,2025-06-12 03:30:00+00:00,OK,LONG,107998.0,107265.60821428572,109462.78357142856,2.0,TDP_REENTRY,TDP_BOT,TREND_UP,UP,0.0115163466801041,0.0105350603198626,PHASE_TREND_UP,model=TDP_REENTRY TDP_BOT sweep->reclaim tts_context=1,LOSS,107265.60821428572,2025-06-12 10:15:00,SL,False,False,-1.0
103,2025-06-12 04:30:00+00:00,OK,LONG,107550.1,107265.94571428571,108118.40857142859,2.0,TDP_REENTRY,TDP_BOT,TREND_UP,UP,0.0106869923959607,0.0094694293427736,PHASE_TREND_UP,model=TDP_REENTRY TDP_BOT sweep->reclaim tts_context=1,BE,107550.1,2025-06-12 07:30:00,BE_stop,True,True,0.7
104,2025-06-12 13:30:00+00:00,OK,LONG,107082.2,106514.60250000001,108217.39499999997,2.0,TDP_REENTRY,TDP_BOT,TREND_UP,UP,0.0085967999454804,0.009944217984705,PHASE_TREND_UP,model=TDP_REENTRY TDP_BOT sweep->reclaim tts_context=1,BE,107082.2,2025-06-12 15:15:00,BE_stop,True,True,0.7
105,2025-06-12 13:30:00+00:00,OK,LONG,107082.2,106514.60250000001,108217.39499999997,2.0,TDP_REENTRY,TDP_BOT,TREND_UP,UP,0.0085967999454804,0.009944217984705,PHASE_TREND_UP,model=TDP_REENTRY TDP_BOT sweep->reclaim tts_context=1,BE,107082.2,2025-06-12 15:15:00,BE_stop,True,True,0.7
106,2025-06-12 20:15:00+00:00,OK,LONG,106838.8,105638.37,109239.66000000002,2.0,TDP_REENTRY,TDP_BOT,TREND_UP,UP,0.0061606253111351,0.0105816197724505,PHASE_TREND_UP,model=TDP_REENTRY TDP_BOT sweep->reclaim tts_context=1,LOSS,105638.37,2025-06-12 23:45:00,SL,False,False,-1.0
107,2025-06-12 20:45:00+00:00,OK,LONG,105902.0,105628.23,106449.54000000001,2.0,TDP_REENTRY,TDP_BOT,TREND_UP,UP,0.0061606253111351,0.0105816197724505,PHASE_TREND_UP,model=TDP_REENTRY TDP_BOT sweep->reclaim tts_context=1,BE,105902.0,2025-06-12 21:00:00,BE_stop,True,True,0.7
108,2025-06-12 20:45:00+00:00,OK,LONG,105902.0,105628.23,106449.54000000001,2.0,TDP_REENTRY,TDP_BOT,TREND_UP,UP,0.0061606253111351,0.0105816197724505,PHASE_TREND_UP,model=TDP_REENTRY TDP_BOT sweep->reclaim tts_context=1,BE,105902.0,2025-06-12 21:00:00,BE_stop,True,True,0.7
109,2025-06-12 22:15:00+00:00,OK,LONG,105828.9,105568.87035714286,106348.95928571426,2.0,TDP_REENTRY,TDP_BOT,TREND_UP,UP,0.0061606253111351,0.0105816197724505,PHASE_TREND_UP,model=TDP_REENTRY TDP_BOT sweep->reclaim tts_context=1,BE,105828.9,2025-06-12 22:15:00,BE_stop,True,True,0.7
110,2025-06-13 00:30:00+00:00,OK,LONG,103844.1,102546.0907142857,106440.11857142861,2.0,TDP_REENTRY,TDP_BOT,TREND_UP,UP,0.0041515837647596,0.0114904002291173,PHASE_TREND_UP,model=TDP_REENTRY TDP_BOT sweep->reclaim tts_context=1,EXIT,105808.3,2025-06-13 16:00:00,HTF_FLIP_4H,True,True,1.153972
111,2025-06-13 00:30:00+00:00,OK,LONG,103844.1,102546.0907142857,106440.11857142861,2.0,TDP_REENTRY,TDP_BOT,TREND_UP,UP,0.0041515837647596,0.0114904002291173,PHASE_TREND_UP,model=TDP_REENTRY TDP_BOT sweep->reclaim tts_context=1,EXIT,105808.3,2025-06-13 16:00:00,HTF_FLIP_4H,True,True,1.153972
112,2025-06-13 00:30:00+00:00,OK,LONG,103844.1,102546.0907142857,106440.11857142861,2.0,TDP_REENTRY,TDP_BOT,TREND_UP,UP,0.0041515837647596,0.0114904002291173,PHASE_TREND_UP,model=TDP_REENTRY TDP_BOT sweep->reclaim tts_context=1,EXIT,105808.3,2025-06-13 16:00:00,HTF_FLIP_4H,True,True,1.153972
113,2025-06-13 01:15:00+00:00,OK,LONG,103203.2,102534.96607142857,104539.66785714285,2.0,TDP_REENTRY,TDP_BOT,TREND_UP,UP,0.0041515837647596,0.0114904002291173,PHASE_TREND_UP,model=TDP_REENTRY TDP_BOT sweep->reclaim tts_context=1,BE,103203.2,2025-06-13 02:30:00,BE_stop,True,True,0.7
114,2025-07-01 15:15:00+00:00,OK,LONG,105934.2,105495.65821428571,106811.28357142858,2.0,TDP_REENTRY,TDP_BOT,TREND_UP,UP,0.005053579325778,0.0083569248814892,PHASE_TREND_UP,model=TDP_REENTRY TDP_BOT sweep->reclaim tts_context=1,LOSS,105495.65821428571,2025-07-01 19:00:00,SL,False,False,-1.0
115,2025-07-01 15:15:00+00:00,OK,LONG,105934.2,105495.65821428571,106811.28357142858,2.0,TDP_REENTRY,TDP_BOT,TREND_UP,UP,0.005053579325778,0.0083569248814892,PHASE_TREND_UP,model=TDP_REENTRY TDP_BOT sweep->reclaim tts_context=1,LOSS,105495.65821428571,2025-07-01 19:00:00,SL,False,False,-1.0
116,2025-07-01 19:00:00+00:00,OK,LONG,105600.1,105146.0175,106508.26500000001,2.0,TDP_REENTRY,TDP_BOT,TREND_UP,UP,0.0039136064150195,0.008227938824195,PHASE_TREND_UP,model=TDP_REENTRY TDP_BOT sweep->reclaim tts_context=1,BE,105600.1,2025-07-01 22:30:00,BE_stop,True,True,0.7
117,2025-07-01 19:30:00+00:00,OK,LONG,105414.6,105145.93071428571,105951.93857142859,2.0,TDP_REENTRY,TDP_BOT,TREND_UP,UP,0.0039136064150195,0.008227938824195,PHASE_TREND_UP,model=TDP_REENTRY TDP_BOT sweep->reclaim tts_context=1,BE,105414.6,2025-07-01 19:30:00,BE_stop,True,True,0.7
118,2025-07-01 20:00:00+00:00,OK,LONG,105399.1,105143.71392857144,105909.87214285714,2.0,TDP_REENTRY,TDP_BOT,TREND_UP,UP,0.0030315132292935,0.0082068463368943,PHASE_TREND_UP,model=TDP_REENTRY TDP_BOT sweep->reclaim tts_context=1,WIN,105909.87214285714,2025-07-01 20:45:00,TP,True,True,1.3
119,2025-07-01 20:00:00+00:00,OK,LONG,105399.1,105143.71392857144,105909.87214285714,2.0,TDP_REENTRY,TDP_BOT,TREND_UP,UP,0.0030315132292935,0.0082068463368943,PHASE_TREND_UP,model=TDP_REENTRY TDP_BOT sweep->reclaim tts_context=1,WIN,105909.87214285714,2025-07-01 20:45:00,TP,True,True,1.3
120,2025-07-04 14:15:00+00:00,OK,LONG,107995.3,107416.43607142857,109153.02785714286,2.0,TDP_REENTRY,TDP_BOT,TREND_UP,UP,0.0075252248097484,0.0090489025798998,PHASE_TREND_UP,model=TDP_REENTRY TDP_BOT sweep->reclaim tts_context=1,LOSS,107416.43607142857,2025-07-04 16:00:00,SL,False,False,-1.0
121,2025-07-15 02:30:00+00:00,OK,LONG,118280.5,117240.90142857142,120359.69714285716,2.0,TDP_REENTRY,TDP_BOT,TREND_UP,UP,0.0267759250743341,0.0124886741938841,PHASE_TREND_UP,model=TDP_REENTRY TDP_BOT sweep->reclaim tts_context=1,LOSS,117240.90142857142,2025-07-15 03:15:00,SL,False,False,-1.0
122,2025-07-15 02:30:00+00:00,OK,LONG,118280.5,117067.90142857142,120705.69714285716,2.0,TDP_REENTRY,TDP_BOT,TREND_UP,UP,0.0267759250743341,0.0124886741938841,PHASE_TREND_UP,model=TDP_REENTRY TDP_BOT sweep->reclaim tts_context=1,LOSS,117067.90142857142,2025-07-15 03:30:00,SL,False,False,-1.0
123,2025-07-15 02:30:00+00:00,OK,LONG,118280.5,116811.50142857143,121218.49714285714,2.0,TDP_REENTRY,TDP_BOT,TREND_UP,UP,0.0267759250743341,0.0124886741938841,PHASE_TREND_UP,model=TDP_REENTRY TDP_BOT sweep->reclaim tts_context=1,LOSS,116811.50142857143,2025-07-15 04:00:00,SL,False,False,-1.0
124,2025-07-15 03:15:00+00:00,OK,LONG,117523.5,116220.83321428571,120128.83357142858,2.0,TDP_REENTRY,TDP_BOT,TREND_UP,UP,0.0267759250743341,0.0124886741938841,PHASE_TREND_UP,model=TDP_REENTRY TDP_BOT sweep->reclaim tts_context=1,LOSS,116220.83321428571,2025-07-15 08:15:00,SL,False,False,-1.0
125,2025-07-15 03:15:00+00:00,OK,LONG,117523.5,116220.83321428571,120128.83357142858,2.0,TDP_REENTRY,TDP_BOT,TREND_UP,UP,0.0267759250743341,0.0124886741938841,PHASE_TREND_UP,model=TDP_REENTRY TDP_BOT sweep->reclaim tts_context=1,LOSS,116220.83321428571,2025-07-15 08:15:00,SL,False,False,-1.0
126,2025-07-15 03:30:00+00:00,OK,LONG,117317.3,116216.66321428571,119518.57357142858,2.0,TDP_REENTRY,TDP_BOT,TREND_UP,UP,0.0267759250743341,0.0124886741938841,PHASE_TREND_UP,model=TDP_REENTRY TDP_BOT sweep->reclaim tts_context=1,LOSS,116216.66321428571,2025-07-15 08:15:00,SL,False,False,-1.0
127,2025-07-15 04:00:00+00:00,OK,LONG,117034.8,116215.18892857143,118674.02214285715,2.0,TDP_REENTRY,TDP_BOT,TREND_UP,UP,0.0250483855485343,0.0130918395734676,PHASE_TREND_UP,model=TDP_REENTRY TDP_BOT sweep->reclaim tts_context=1,LOSS,116215.18892857143,2025-07-15 08:15:00,SL,False,False,-1.0
128,2025-07-15 15:00:00+00:00,OK,LONG,116160.1,115642.35785714285,117195.58428571431,2.0,TDP_REENTRY,TDP_BOT,TREND_UP,UP,0.0218561678147283,0.0149037280577442,PHASE_TREND_UP,model=TDP_REENTRY TDP_BOT sweep->reclaim tts_context=1,WIN,117195.58428571431,2025-07-15 16:00:00,TP,True,True,1.3
129,2025-07-18 14:30:00+00:00,OK,LONG,117789.0,117249.62464285715,118867.7507142857,2.0,TDP_REENTRY,TDP_BOT,TREND_UP,UP,0.013112759786158,0.0135777444496992,PHASE_TREND_UP,model=TDP_REENTRY TDP_BOT sweep->reclaim tts_context=1,BE,117789.0,2025-07-18 14:45:00,BE_stop,True,True,0.7
130,2025-07-20 22:15:00+00:00,OK,LONG,117300.0,116406.73321428572,119086.53357142856,2.0,TDP_REENTRY,TDP_BOT,TREND_UP,UP,0.005779616012864,0.0070322403684724,PHASE_TREND_UP,model=TDP_REENTRY TDP_BOT sweep->reclaim tts_context=1,WIN,119086.53357142856,2025-07-21 06:30:00,TP,True,True,1.3
131,2025-07-25 03:15:00+00:00,OK,LONG,116000.1,115245.74535714285,117508.80928571432,2.0,TDP_REENTRY,TDP_BOT,TREND_UP,UP,0.0019870265382657,0.0113359025314041,PHASE_TREND_UP,model=TDP_REENTRY TDP_BOT sweep->reclaim tts_context=1,LOSS,115245.74535714285,2025-07-25 04:00:00,SL,False,False,-1.0
132,2025-07-25 03:15:00+00:00,OK,LONG,116000.1,115245.74535714285,117508.80928571432,2.0,TDP_REENTRY,TDP_BOT,TREND_UP,UP,0.0019870265382657,0.0113359025314041,PHASE_TREND_UP,model=TDP_REENTRY TDP_BOT sweep->reclaim tts_context=1,LOSS,115245.74535714285,2025-07-25 04:00:00,SL,False,False,-1.0
133,2025-07-25 03:45:00+00:00,OK,LONG,115400.1,115241.42535714286,115717.4492857143,2.0,TDP_REENTRY,TDP_BOT,TREND_UP,UP,0.0019870265382657,0.0113359025314041,PHASE_TREND_UP,model=TDP_REENTRY TDP_BOT sweep->reclaim tts_context=1,BE,115400.1,2025-07-25 03:45:00,BE_stop,True,True,0.7
134,2025-08-11 21:30:00+00:00,OK,LONG,118696.5,117804.6,120480.29999999999,2.0,TDP_REENTRY,TDP_BOT,TREND_UP,UP,0.0113184431238689,0.0118785407576535,PHASE_TREND_UP,model=TDP_REENTRY TDP_BOT sweep->reclaim tts_context=1,BE,118696.5,2025-08-12 13:30:00,BE_stop,True,True,0.7
135,2025-08-11 21:45:00+00:00,OK,LONG,118700.0,117798.55821428572,120502.88357142857,2.0,TDP_REENTRY,TDP_BOT,TREND_UP,UP,0.0113184431238689,0.0118785407576535,PHASE_TREND_UP,model=TDP_REENTRY TDP_BOT sweep->reclaim tts_context=1,BE,118700.0,2025-08-12 13:30:00,BE_stop,True,True,0.7
136,2025-08-14 12:15:00+00:00,OK,LONG,121158.0,117177.74535714286,129118.50928571427,2.0,TDP_REENTRY,TDP_BOT,TREND_UP,UP,0.0126931977420756,0.0133658522317855,PHASE_TREND_UP,model=TDP_REENTRY TDP_BOT sweep->reclaim tts_context=1,LOSS,117177.74535714286,2025-08-14 18:15:00,SL,False,False,-1.0
137,2025-09-15 01:15:00+00:00,OK,LONG,115104.1,114703.29857142858,115905.70285714287,2.0,TDP_REENTRY,TDP_BOT,TREND_UP,UP,0.0106653078165919,0.0051837172282406,PHASE_TREND_UP,model=TDP_REENTRY TDP_BOT sweep->reclaim tts_context=1,WIN,115905.70285714287,2025-09-15 04:15:00,TP,True,True,1.3
138,2025-09-15 13:45:00+00:00,OK,LONG,114604.2,114274.34392857143,115263.91214285714,2.0,TDP_REENTRY,TDP_BOT,TREND_UP,UP,0.0094218294296744,0.0060740974685329,PHASE_TREND_UP,model=TDP_REENTRY TDP_BOT sweep->reclaim tts_context=1,BE,114604.2,2025-09-15 14:15:00,BE_stop,True,True,0.7
139,2025-09-17 14:30:00+00:00,OK,LONG,115544.1,115299.46428571429,116033.37142857144,2.0,TDP_REENTRY,TDP_BOT,TREND_UP,UP,0.0085036300857376,0.0078993890785534,PHASE_TREND_UP,model=TDP_REENTRY TDP_BOT sweep->reclaim tts_context=1,BE,115544.1,2025-09-17 16:00:00,BE_stop,True,True,0.7
140,2025-09-17 18:45:00+00:00,OK,LONG,115205.5,114635.23142857142,116346.03714285715,2.0,TDP_REENTRY,TDP_BOT,TREND_UP,UP,0.0080779257907386,0.0081037778829753,PHASE_TREND_UP,model=TDP_REENTRY TDP_BOT sweep->reclaim tts_context=1,BE,115205.5,2025-09-17 19:00:00,BE_stop,True,True,0.7
141,2025-09-17 18:45:00+00:00,OK,LONG,115205.5,114635.23142857142,116346.03714285715,2.0,TDP_REENTRY,TDP_BOT,TREND_UP,UP,0.0080779257907386,0.0081037778829753,PHASE_TREND_UP,model=TDP_REENTRY TDP_BOT sweep->reclaim tts_context=1,BE,115205.5,2025-09-17 19:00:00,BE_stop,True,True,0.7
142,2025-09-19 15:15:00+00:00,OK,LONG,115751.8,115370.89,116513.62000000001,2.0,TDP_REENTRY,TDP_BOT,TREND_UP,UP,0.0076765522362998,0.0088097869527033,PHASE_TREND_UP,model=TDP_REENTRY TDP_BOT sweep->reclaim tts_context=1,LOSS,115370.89,2025-09-19 18:00:00,SL,False,False,-1.0
143,2025-09-19 15:15:00+00:00,OK,LONG,115751.8,115370.89,116513.62000000001,2.0,TDP_REENTRY,TDP_BOT,TREND_UP,UP,0.0076765522362998,0.0088097869527033,PHASE_TREND_UP,model=TDP_REENTRY TDP_BOT sweep->reclaim tts_context=1,LOSS,115370.89,2025-09-19 18:00:00,SL,False,False,-1.0
144,2025-09-19 19:15:00+00:00,OK,LONG,115292.9,115006.80428571429,115865.09142857141,2.0,TDP_REENTRY,TDP_BOT,TREND_UP,UP,0.0067397545260244,0.0089310000850417,PHASE_TREND_UP,model=TDP_REENTRY TDP_BOT sweep->reclaim tts_context=1,WIN,115865.09142857141,2025-09-20 07:30:00,TP,True,True,1.3
145,2025-09-19 20:00:00+00:00,OK,LONG,115266.3,115005.60107142857,115787.69785714288,2.0,TDP_REENTRY,TDP_BOT,TREND_UP,UP,0.0060754566759458,0.0085388282448319,PHASE_TREND_UP,model=TDP_REENTRY TDP_BOT sweep->reclaim tts_context=1,WIN,115787.69785714288,2025-09-20 07:30:00,TP,True,True,1.3
146,2025-09-19 20:00:00+00:00,OK,LONG,115266.3,115005.60107142857,115787.69785714288,2.0,TDP_REENTRY,TDP_BOT,TREND_UP,UP,0.0060754566759458,0.0085388282448319,PHASE_TREND_UP,model=TDP_REENTRY TDP_BOT sweep->reclaim tts_context=1,WIN,115787.69785714288,2025-09-20 07:30:00,TP,True,True,1.3
147,2025-09-19 20:00:00+00:00,OK,LONG,115266.3,115005.60107142857,115787.69785714288,2.0,TDP_REENTRY,TDP_BOT,TREND_UP,UP,0.0060754566759458,0.0085388282448319,PHASE_TREND_UP,model=TDP_REENTRY TDP_BOT sweep->reclaim tts_context=1,WIN,115787.69785714288,2025-09-20 07:30:00,TP,True,True,1.3
148,2025-09-21 02:00:00+00:00,OK,LONG,115546.0,115379.77321428571,115878.45357142857,2.0,TDP_REENTRY,TDP_BOT,TREND_UP,UP,0.0033415245699557,0.0051338378378378,PHASE_TREND_UP,model=TDP_REENTRY TDP_BOT sweep->reclaim tts_context=1,BE,115546.0,2025-09-21 08:30:00,BE_stop,True,True,0.7
149,2025-09-21 02:15:00+00:00,OK,LONG,115464.2,115378.5775,115635.44499999999,2.0,TDP_REENTRY,TDP_BOT,TREND_UP,UP,0.0033415245699557,0.0051338378378378,PHASE_TREND_UP,model=TDP_REENTRY TDP_BOT sweep->reclaim tts_context=1,BE,115464.2,2025-09-21 02:30:00,BE_stop,True,True,0.7
150,2025-09-21 16:45:00+00:00,OK,LONG,115267.8,115100.30071428572,115602.79857142856,2.0,TDP_REENTRY,TDP_BOT,TREND_UP,UP,0.0021427975967477,0.0043203673221866,PHASE_TREND_UP,model=TDP_REENTRY TDP_BOT sweep->reclaim tts_context=1,WIN,115602.79857142856,2025-09-21 18:00:00,TP,True,True,1.3
151,2025-10-07 07:15:00+00:00,OK,LONG,123808.0,123161.82214285716,125100.35571428569,2.0,TDP_REENTRY,TDP_BOT,TREND_UP,UP,0.0241064552345639,0.0112720126476658,PHASE_TREND_UP,model=TDP_REENTRY TDP_BOT sweep->reclaim tts_context=1,WIN,125100.35571428569,2025-10-07 12:45:00,TP,True,True,1.3
152,2025-10-07 08:15:00+00:00,OK,LONG,123597.2,123159.56785714286,124472.46428571428,2.0,TDP_REENTRY,TDP_BOT,TREND_UP,UP,0.0235936448798962,0.0106037803803533,PHASE_TREND_UP,model=TDP_REENTRY TDP_BOT sweep->reclaim tts_context=1,WIN,124472.46428571428,2025-10-07 12:30:00,TP,True,True,1.3
153,2025-10-07 14:15:00+00:00,OK,LONG,122854.3,121584.62035714286,125393.65928571428,2.0,TDP_REENTRY,TDP_BOT,TREND_UP,UP,0.022497047161865,0.011917173183663,PHASE_TREND_UP,model=TDP_REENTRY TDP_BOT sweep->reclaim tts_context=1,LOSS,121584.62035714286,2025-10-07 15:30:00,SL,False,False,-1.0
154,2025-10-07 14:30:00+00:00,OK,LONG,122778.5,121020.6125,126294.275,2.0,TDP_REENTRY,TDP_BOT,TREND_UP,UP,0.022497047161865,0.011917173183663,PHASE_TREND_UP,model=TDP_REENTRY TDP_BOT sweep->reclaim tts_context=1,LOSS,121020.6125,2025-10-07 16:15:00,SL,False,False,-1.0
155,2025-10-07 15:15:00+00:00,OK,LONG,122057.2,120575.6707142857,125020.25857142858,2.0,TDP_REENTRY,TDP_BOT,TREND_UP,UP,0.022497047161865,0.011917173183663,PHASE_TREND_UP,model=TDP_REENTRY TDP_BOT sweep->reclaim tts_context=1,LOSS,120575.6707142857,2025-10-07 18:15:00,SL,False,False,-1.0
156,2025-10-07 15:30:00+00:00,OK,LONG,121678.1,120565.92714285714,123902.44571428574,2.0,TDP_REENTRY,TDP_BOT,TREND_UP,UP,0.022497047161865,0.011917173183663,PHASE_TREND_UP,model=TDP_REENTRY TDP_BOT sweep->reclaim tts_context=1,LOSS,120565.92714285714,2025-10-07 18:15:00,SL,False,False,-1.0
157,2025-10-07 16:15:00+00:00,OK,LONG,121139.6,120555.36714285714,122308.06571428574,2.0,TDP_REENTRY,TDP_BOT,TREND_UP,UP,0.020966957828173,0.0114799442525214,PHASE_TREND_UP,model=TDP_REENTRY TDP_BOT sweep->reclaim tts_context=1,BE,121139.6,2025-10-07 16:30:00,BE_stop,True,True,0.7
158,2025-10-10 15:30:00+00:00,OK,LONG,119505.3,118308.455,121898.99,2.0,TDP_REENTRY,TDP_BOT,TREND_UP,UP,0.0057105755825692,0.0140993536640414,PHASE_TREND_UP,model=TDP_REENTRY TDP_BOT sweep->reclaim tts_context=1,LOSS,118308.455,2025-10-10 16:45:00,SL,False,False,-1.0
159,2025-10-10 17:15:00+00:00,OK,LONG,118100.0,117339.23535714285,119621.52928571429,2.0,TDP_REENTRY,TDP_BOT,TREND_UP,UP,0.0031747408774688,0.0154860884378535,PHASE_TREND_UP,model=TDP_REENTRY TDP_BOT sweep->reclaim tts_context=1,LOSS,117339.23535714285,2025-10-10 18:45:00,SL,False,False,-1.0
160,2025-10-10 17:15:00+00:00,OK,LONG,118100.0,117338.43535714285,119623.1292857143,2.0,TDP_REENTRY,TDP_BOT,TREND_UP,UP,0.0031747408774688,0.0154860884378535,PHASE_TREND_UP,model=TDP_REENTRY TDP_BOT sweep->reclaim tts_context=1,LOSS,117338.43535714285,2025-10-10 18:45:00,SL,False,False,-1.0
161,2025-10-10 18:00:00+00:00,OK,LONG,117601.3,116517.23642857143,119769.42714285715,2.0,TDP_REENTRY,TDP_BOT,TREND_UP,UP,0.0031747408774688,0.0154860884378535,PHASE_TREND_UP,model=TDP_REENTRY TDP_BOT sweep->reclaim tts_context=1,LOSS,116517.23642857143,2025-10-10 19:15:00,SL,False,False,-1.0
162,2025-10-10 18:00:00+00:00,OK,LONG,117601.3,115793.23642857143,121217.42714285715,2.0,TDP_REENTRY,TDP_BOT,TREND_UP,UP,0.0031747408774688,0.0154860884378535,PHASE_TREND_UP,model=TDP_REENTRY TDP_BOT sweep->reclaim tts_context=1,EXIT,116717.4,2025-10-10 20:00:00,HTF_FLIP_4H,False,False,-0.488866
163,2025-10-10 19:30:00+00:00,OK,LONG,116870.9,115812.46,118987.77999999997,2.0,TDP_REENTRY,TDP_BOT,TREND_UP,UP,0.0031747408774688,0.0154860884378535,PHASE_TREND_UP,model=TDP_REENTRY TDP_BOT sweep->reclaim tts_context=1,EXIT,116717.4,2025-10-10 20:00:00,HTF_FLIP_4H,False,False,-0.145025
164,2025-10-10 19:30:00+00:00,OK,LONG,116870.9,115812.46,118987.77999999997,2.0,TDP_REENTRY,TDP_BOT,TREND_UP,UP,0.0031747408774688,0.0154860884378535,PHASE_TREND_UP,model=TDP_REENTRY TDP_BOT sweep->reclaim tts_context=1,EXIT,116717.4,2025-10-10 20:00:00,HTF_FLIP_4H,False,False,-0.145025
165,2025-10-10 19:30:00+00:00,OK,LONG,116870.9,115812.46,118987.77999999997,2.0,TDP_REENTRY,TDP_BOT,TREND_UP,UP,0.0031747408774688,0.0154860884378535,PHASE_TREND_UP,model=TDP_REENTRY TDP_BOT sweep->reclaim tts_context=1,EXIT,116717.4,2025-10-10 20:00:00,HTF_FLIP_4H,False,False,-0.145025
166,2025-10-10 19:30:00+00:00,OK,LONG,116870.9,115812.46,118987.77999999997,2.0,TDP_REENTRY,TDP_BOT,TREND_UP,UP,0.0031747408774688,0.0154860884378535,PHASE_TREND_UP,model=TDP_REENTRY TDP_BOT sweep->reclaim tts_context=1,EXIT,116717.4,2025-10-10 20:00:00,HTF_FLIP_4H,False,False,-0.145025
167,2025-02-10 05:15:00+00:00,OK,SHORT,96973.2,97295.05357142857,95893.35,3.355097,RANGE_TOP_SHORT_V2,RANGE_TOP_SHORT,RANGE,DOWN,0.0008247918658522,0.0,PHASE_RANGE,model=RANGE_TOP_SHORT_V2 RANGE_TOP_SHORT v2: sweep_up -> reclaim -> retest -> mid,LOSS,97295.05357142857,2025-02-10 05:45:00,SL,False,False,-1.0
168,2025-02-10 08:15:00+00:00,OK,SHORT,97667.8,97958.3267857143,96263.0,4.835354,RANGE_TOP_SHORT_V2,RANGE_TOP_SHORT,RANGE,DOWN,0.0003423088373765,0.0,PHASE_RANGE,model=RANGE_TOP_SHORT_V2 RANGE_TOP_SHORT v2: sweep_up -> reclaim -> retest -> mid,BE,97667.8,2025-02-10 13:30:00,BE_stop,True,True,0.7
169,2025-02-11 06:45:00+00:00,OK,SHORT,98387.9,98510.69464285714,97635.55,6.126896,RANGE_TOP_SHORT_V2,RANGE_TOP_SHORT,RANGE,UP,0.001216676890225,0.0,PHASE_RANGE,model=RANGE_TOP_SHORT_V2 RANGE_TOP_SHORT v2: sweep_up -> reclaim -> retest -> mid,BE,98387.9,2025-02-11 06:45:00,BE_stop,True,True,0.7
170,2025-02-20 12:00:00+00:00,OK,SHORT,97399.1,97467.80714285714,96394.95,14.614929,RANGE_TOP_SHORT_V2,RANGE_TOP_SHORT,RANGE,DOWN,0.001113441849354,0.0116812457321021,PHASE_RANGE,model=RANGE_TOP_SHORT_V2 RANGE_TOP_SHORT v2: sweep_up -> reclaim -> retest -> mid,BE,97399.1,2025-02-20 12:00:00,BE_stop,True,True,0.7
171,2025-02-20 14:30:00+00:00,OK,SHORT,97680.0,98045.94642857143,96658.5,2.791392,RANGE_TOP_SHORT_V2,RANGE_TOP_SHORT,RANGE,DOWN,0.001113441849354,0.0116812457321021,PHASE_RANGE,model=RANGE_TOP_SHORT_V2 RANGE_TOP_SHORT v2: sweep_up -> reclaim -> retest -> mid,BE,97680.0,2025-02-20 14:45:00,BE_stop,True,True,0.7
172,2025-05-06 19:30:00+00:00,OK,SHORT,95069.7,95163.61607142857,94206.75,9.188523,RANGE_TOP_SHORT_V2,RANGE_TOP_SHORT,RANGE,UP,0.0011178380799836,0.0099382095132936,PHASE_RANGE,model=RANGE_TOP_SHORT_V2 RANGE_TOP_SHORT v2: sweep_up -> reclaim -> retest -> mid,BE,95069.7,2025-05-06 19:45:00,BE_stop,True,True,0.7
173,2025-06-08 13:45:00+00:00,OK,SHORT,105560.2,106150.15,105395.29999999999,0.279515,RANGE_TOP_SHORT_V2,RANGE_TOP_SHORT,RANGE,DOWN,0.0009990900730169,0.0070460536475462,PHASE_RANGE,model=RANGE_TOP_SHORT_V2 RANGE_TOP_SHORT v2: sweep_up -> reclaim -> retest -> mid,LOSS,106150.15,2025-06-08 16:00:00,SL,False,False,-1.0
174,2025-06-08 16:00:00+00:00,OK,SHORT,106095.9,106251.09464285715,105510.85,3.769782,RANGE_TOP_SHORT_V2,RANGE_TOP_SHORT,RANGE,DOWN,0.0002968012307748,0.0067446474861586,PHASE_RANGE,model=RANGE_TOP_SHORT_V2 RANGE_TOP_SHORT v2: sweep_up -> reclaim -> retest -> mid,BE,106095.9,2025-06-08 16:00:00,BE_stop,True,True,0.7
175,2025-06-08 21:45:00+00:00,OK,SHORT,106273.4,106465.41428571429,105618.45,3.410944,RANGE_TOP_SHORT_V2,RANGE_TOP_SHORT,RANGE,UP,1.2211730242180197e-05,0.0061626701578324,PHASE_RANGE,model=RANGE_TOP_SHORT_V2 RANGE_TOP_SHORT v2: sweep_up -> reclaim -> retest -> mid,BE,106273.4,2025-06-08 22:00:00,BE_stop,True,True,0.7
176,2025-06-16 16:30:00+00:00,OK,SHORT,107664.2,107961.43571428572,106086.25,5.30875,RANGE_TOP_SHORT_V2,RANGE_TOP_SHORT,RANGE,DOWN,0.0001100573056118,0.0086837269679946,PHASE_RANGE,model=RANGE_TOP_SHORT_V2 RANGE_TOP_SHORT v2: sweep_up -> reclaim -> retest -> mid,LOSS,107961.43571428572,2025-06-16 17:30:00,SL,False,False,-1.0
177,2025-06-16 18:30:00+00:00,OK,SHORT,108054.6,108153.70892857143,106494.4,15.742275,RANGE_TOP_SHORT_V2,RANGE_TOP_SHORT,RANGE,DOWN,0.0001100573056118,0.0086837269679946,PHASE_RANGE,model=RANGE_TOP_SHORT_V2 RANGE_TOP_SHORT v2: sweep_up -> reclaim -> retest -> mid,LOSS,108153.70892857143,2025-06-16 18:45:00,SL_before_partial,False,False,-1.0
178,2025-06-16 22:00:00+00:00,OK,SHORT,108739.4,109030.52321428571,107253.4,5.104368,RANGE_TOP_SHORT_V2,RANGE_TOP_SHORT,RANGE,UP,0.0001446421666268,0.0100448300028999,PHASE_RANGE,model=RANGE_TOP_SHORT_V2 RANGE_TOP_SHORT v2: sweep_up -> reclaim -> retest -> mid,WIN,107253.4,2025-06-16 23:30:00,TP,True,True,2.23131
179,2025-07-26 13:15:00+00:00,OK,SHORT,118077.2,118299.07857142857,117053.35,4.614461,RANGE_TOP_SHORT_V2,RANGE_TOP_SHORT,RANGE,DOWN,0.0011003826147551,0.0105243046927383,PHASE_RANGE,model=RANGE_TOP_SHORT_V2 RANGE_TOP_SHORT v2: sweep_up -> reclaim -> retest -> mid,BE,118077.2,2025-07-26 15:45:00,BE_stop,True,True,0.7
180,2025-07-26 19:45:00+00:00,OK,SHORT,118235.2,118356.49642857142,117701.05,4.403675,RANGE_TOP_SHORT_V2,RANGE_TOP_SHORT,RANGE,DOWN,0.0007615956854226,0.010224112616209,PHASE_RANGE,model=RANGE_TOP_SHORT_V2 RANGE_TOP_SHORT v2: sweep_up -> reclaim -> retest -> mid,BE,118235.2,2025-07-26 20:00:00,BE_stop,True,True,0.7
181,2025-07-27 02:45:00+00:00,OK,SHORT,118322.0,118457.93571428572,117820.79999999999,3.687037,RANGE_TOP_SHORT_V2,RANGE_TOP_SHORT,RANGE,DOWN,0.0003722729496885,0.0092004222803793,PHASE_RANGE,model=RANGE_TOP_SHORT_V2 RANGE_TOP_SHORT v2: sweep_up -> reclaim -> retest -> mid,BE,118322.0,2025-07-27 02:45:00,BE_stop,True,True,0.7
182,2025-07-27 06:45:00+00:00,OK,SHORT,118261.2,118468.26607142857,118085.3,0.849487,RANGE_TOP_SHORT_V2,RANGE_TOP_SHORT,RANGE,DOWN,0.0001788746404505,0.0089234161285601,PHASE_RANGE,model=RANGE_TOP_SHORT_V2 RANGE_TOP_SHORT v2: sweep_up -> reclaim -> retest -> mid,WIN,118085.3,2025-07-27 07:45:00,TP,False,False,0.849487
183,2025-07-27 14:30:00+00:00,OK,SHORT,118294.7,118500.67857142857,118125.65,0.820716,RANGE_TOP_SHORT_V2,RANGE_TOP_SHORT,RANGE,UP,0.0003392688654307,0.0068830835906092,PHASE_RANGE,model=RANGE_TOP_SHORT_V2 RANGE_TOP_SHORT v2: sweep_up -> reclaim -> retest -> mid,LOSS,118500.67857142857,2025-07-27 15:00:00,SL,False,False,-1.0
184,2025-07-27 16:30:00+00:00,OK,SHORT,119320.7,119663.03571428571,118603.8,2.094143,RANGE_TOP_SHORT_V2,RANGE_TOP_SHORT,RANGE,UP,0.0008430988325813,0.0064196310603233,PHASE_RANGE,model=RANGE_TOP_SHORT_V2 RANGE_TOP_SHORT v2: sweep_up -> reclaim -> retest -> mid,BE,119320.7,2025-07-27 16:45:00,BE_stop,True,True,0.7
185,2025-07-27 22:15:00+00:00,OK,SHORT,119692.5,119837.19464285714,118816.0,6.057584,RANGE_TOP_SHORT_V2,RANGE_TOP_SHORT,RANGE,UP,0.0014856638660147,0.0059662015721595,PHASE_RANGE,model=RANGE_TOP_SHORT_V2 RANGE_TOP_SHORT v2: sweep_up -> reclaim -> retest -> mid,BE,119692.5,2025-07-27 22:45:00,BE_stop,True,True,0.7
186,2025-07-31 16:30:00+00:00,OK,SHORT,118582.7,118986.10714285714,117899.15,1.694442,RANGE_TOP_SHORT_V2,RANGE_TOP_SHORT,RANGE,DOWN,0.0002514526410063,0.0101664073532639,PHASE_RANGE,model=RANGE_TOP_SHORT_V2 RANGE_TOP_SHORT v2: sweep_up -> reclaim -> retest -> mid,WIN,117899.15,2025-07-31 17:15:00,TP,True,True,1.208333
187,2025-08-07 20:00:00+00:00,OK,SHORT,117226.2,117528.93928571428,115834.0,4.598676,RANGE_TOP_SHORT_V2,RANGE_TOP_SHORT,RANGE,DOWN,0.0002616011217705,0.008846807243569,PHASE_RANGE,model=RANGE_TOP_SHORT_V2 RANGE_TOP_SHORT v2: sweep_up -> reclaim -> retest -> mid,LOSS,117528.93928571428,2025-08-07 22:45:00,SL,False,False,-1.0
188,2025-08-07 22:15:00+00:00,OK,SHORT,117424.9,117561.98571428572,115834.0,11.605148,RANGE_TOP_SHORT_V2,RANGE_TOP_SHORT,RANGE,DOWN,0.0002616011217705,0.008846807243569,PHASE_RANGE,model=RANGE_TOP_SHORT_V2 RANGE_TOP_SHORT v2: sweep_up -> reclaim -> retest -> mid,BE,117424.9,2025-08-07 22:15:00,BE_stop,True,True,0.7
189,2025-08-17 05:00:00+00:00,OK,SHORT,118132.8,118246.20000000001,117609.79999999999,4.611993,RANGE_TOP_SHORT_V2,RANGE_TOP_SHORT,RANGE,DOWN,0.0007537095768295,0.0066462632732984,PHASE_RANGE,model=RANGE_TOP_SHORT_V2 RANGE_TOP_SHORT v2: sweep_up -> reclaim -> retest -> mid,BE,118132.8,2025-08-17 05:00:00,BE_stop,True,True,0.7
190,2025-08-17 09:00:00+00:00,OK,SHORT,118242.5,118400.21785714285,117720.5,3.309708,RANGE_TOP_SHORT_V2,RANGE_TOP_SHORT,RANGE,DOWN,0.0007031675354246,0.006324483723072,PHASE_RANGE,model=RANGE_TOP_SHORT_V2 RANGE_TOP_SHORT v2: sweep_up -> reclaim -> retest -> mid,LOSS,118400.21785714285,2025-08-17 09:15:00,SL,False,False,-1.0
191,2025-08-17 13:45:00+00:00,OK,SHORT,118394.0,118620.07321428572,117766.25,2.776755,RANGE_TOP_SHORT_V2,RANGE_TOP_SHORT,RANGE,DOWN,0.0006863940602792,0.006316313374036,PHASE_RANGE,model=RANGE_TOP_SHORT_V2 RANGE_TOP_SHORT v2: sweep_up -> reclaim -> retest -> mid,WIN,117766.25,2025-08-17 16:45:00,TP,True,True,1.533027
192,2025-09-03 17:45:00+00:00,OK,SHORT,112279.4,112649.72321428571,111488.4,2.135972,RANGE_TOP_SHORT_V2,RANGE_TOP_SHORT,RANGE,DOWN,0.001268042223807,0.0112379653054309,PHASE_RANGE,model=RANGE_TOP_SHORT_V2 RANGE_TOP_SHORT v2: sweep_up -> reclaim -> retest -> mid,WIN,111488.4,2025-09-04 02:15:00,TP,True,True,1.340792
193,2025-09-04 23:00:00+00:00,OK,SHORT,111375.6,111823.45892857143,110479.9,1.99996,RANGE_TOP_SHORT_V2,RANGE_TOP_SHORT,RANGE,DOWN,0.0011608912890288,0.0096451529010445,PHASE_RANGE,model=RANGE_TOP_SHORT_V2 RANGE_TOP_SHORT v2: sweep_up -> reclaim -> retest -> mid,WIN,110479.9,2025-09-05 00:00:00,TP,True,True,1.299988
194,2025-09-05 07:30:00+00:00,OK,SHORT,112741.6,112944.76785714286,111081.35,8.171814,RANGE_TOP_SHORT_V2,RANGE_TOP_SHORT,RANGE,UP,0.0005018953872643,0.0101472562314095,PHASE_RANGE,model=RANGE_TOP_SHORT_V2 RANGE_TOP_SHORT v2: sweep_up -> reclaim -> retest -> mid,LOSS,112944.76785714286,2025-09-05 07:45:00,SL,False,False,-1.0
195,2025-09-05 12:30:00+00:00,OK,SHORT,112630.8,113397.22321428571,111142.85,1.941421,RANGE_TOP_SHORT_V2,RANGE_TOP_SHORT,RANGE,UP,0.0010804323360438,0.0119256216516556,PHASE_RANGE,model=RANGE_TOP_SHORT_V2 RANGE_TOP_SHORT v2: sweep_up -> reclaim -> retest -> mid,WIN,111142.85,2025-09-05 14:15:00,TP,True,True,1.282426
196,2025-09-07 08:30:00+00:00,OK,SHORT,111140.3,111356.25714285714,110578.7,2.600516,RANGE_TOP_SHORT_V2,RANGE_TOP_SHORT,RANGE,UP,4.60058472269921e-05,0.0084823768093534,PHASE_RANGE,model=RANGE_TOP_SHORT_V2 RANGE_TOP_SHORT v2: sweep_up -> reclaim -> retest -> mid,BE,111140.3,2025-09-07 10:00:00,BE_stop,True,True,0.7
197,2025-09-07 14:00:00+00:00,OK,SHORT,111113.6,111393.94464285714,110632.45,1.71628,RANGE_TOP_SHORT_V2,RANGE_TOP_SHORT,RANGE,UP,0.0003150911416535,0.0075068354235395,PHASE_RANGE,model=RANGE_TOP_SHORT_V2 RANGE_TOP_SHORT v2: sweep_up -> reclaim -> retest -> mid,BE,111113.6,2025-09-07 19:00:00,BE_stop,True,True,0.7
198,2025-09-08 07:30:00+00:00,OK,SHORT,111373.7,111602.1375,111056.65,1.387907,RANGE_TOP_SHORT_V2,RANGE_TOP_SHORT,RANGE,UP,0.000809807971925,0.0048286733795756,PHASE_RANGE,model=RANGE_TOP_SHORT_V2 RANGE_TOP_SHORT v2: sweep_up -> reclaim -> retest -> mid,LOSS,111602.1375,2025-09-08 08:30:00,SL,False,False,-1.0
199,2025-09-08 09:15:00+00:00,OK,SHORT,111799.0,112085.00714285714,111258.65,1.889288,RANGE_TOP_SHORT_V2,RANGE_TOP_SHORT,RANGE,UP,0.00132663585183,0.0049253278142557,PHASE_RANGE,model=RANGE_TOP_SHORT_V2 RANGE_TOP_SHORT v2: sweep_up -> reclaim -> retest -> mid,LOSS,112085.00714285714,2025-09-08 10:15:00,SL,False,False,-1.0
200,2025-09-08 10:45:00+00:00,OK,SHORT,111998.3,112214.95714285714,111334.70000000001,3.062904,RANGE_TOP_SHORT_V2,RANGE_TOP_SHORT,RANGE,UP,0.00132663585183,0.0049253278142557,PHASE_RANGE,model=RANGE_TOP_SHORT_V2 RANGE_TOP_SHORT v2: sweep_up -> reclaim -> retest -> mid,BE,111998.3,2025-09-08 11:45:00,BE_stop,True,True,0.7
201,2025-09-30 00:00:00+00:00,OK,SHORT,114239.3,114436.35178571429,112932.15,6.633535,RANGE_TOP_SHORT_V2,RANGE_TOP_SHORT,RANGE,DOWN,0.0010296875045691,0.0069778814324405,PHASE_RANGE,model=RANGE_TOP_SHORT_V2 RANGE_TOP_SHORT v2: sweep_up -> reclaim -> retest -> mid,BE,114239.3,2025-09-30 00:15:00,BE_stop,True,True,0.7
202,2025-10-25 09:00:00+00:00,OK,SHORT,111755.4,111892.225,110699.9,7.714234,RANGE_TOP_SHORT_V2,RANGE_TOP_SHORT,RANGE,UP,0.0009411455037217,0.0104611365830224,PHASE_RANGE,model=RANGE_TOP_SHORT_V2 RANGE_TOP_SHORT v2: sweep_up -> reclaim -> retest -> mid,BE,111755.4,2025-10-25 09:15:00,BE_stop,True,True,0.7
203,2025-12-07 17:00:00+00:00,OK,SHORT,89848.0,90025.925,88781.8,5.992413,RANGE_TOP_SHORT_V2,RANGE_TOP_SHORT,RANGE,DOWN,0.0008889629593806,0.0117963993139198,PHASE_RANGE,model=RANGE_TOP_SHORT_V2 RANGE_TOP_SHORT v2: sweep_up -> reclaim -> retest -> mid,BE,89848.0,2025-12-07 17:00:00,BE_stop,True,True,0.7
